"","looker_id","Gender","ID","set","measure","value"
"1","F01","f","01","left","width",27.0418724388678
"2","F01","f","01","right","width",25.8642781650677
"3","F02","f","02","left","width",28.4769786669864
"4","F02","f","02","right","width",28.8693176919719
"5","F03","f","03","left","width",25.7064281844055
"6","F03","f","03","right","width",25.0068593989729
"7","F04","f","04","left","width",26.3203367189708
"8","F04","f","04","right","width",26.241379536907
"9","F05","f","05","left","width",25.8375259070988
"10","F05","f","05","right","width",26.3786415495567
"11","F07","f","07","left","width",24.9516858348289
"12","F07","f","07","right","width",25.0178493480155
"13","F08","f","08","left","width",28.3101458314859
"14","F08","f","08","right","width",28.5784029819722
"15","F09","f","09","left","width",27.987168863606
"16","F09","f","09","right","width",28.9358420129776
"17","F10","f","10","left","width",26.9965310734546
"18","F10","f","10","right","width",27.4980731870435
"19","F11","f","11","left","width",24.1286069427972
"20","F11","f","11","right","width",24.4335815221592
"21","F12","f","12","left","width",26.5654240884651
"22","F12","f","12","right","width",25.7343836141455
"23","F13","f","13","left","width",26.7100006739049
"24","F13","f","13","right","width",25.7504917428775
"25","F14","f","14","left","width",28.0390888760673
"26","F14","f","14","right","width",26.3818425626415
"27","F15","f","15","left","width",27.0720166223353
"28","F15","f","15","right","width",26.6394279593237
"29","F16","f","16","left","width",26.4111080608141
"30","F16","f","16","right","width",26.8347666470197
"31","F17","f","17","left","width",26.2495612153803
"32","F17","f","17","right","width",25.7850889081267
"33","F18","f","18","left","width",29.1244238397947
"34","F18","f","18","right","width",27.8973315032101
"35","F19","f","19","left","width",25.1244884724048
"36","F19","f","19","right","width",26.7910398827668
"37","F20","f","20","left","width",28.6555262558551
"38","F20","f","20","right","width",28.4285922620168
"39","F21","f","21","left","width",22.6567884749803
"40","F21","f","21","right","width",24.5259256502176
"41","F22","f","22","left","width",27.5762101819666
"42","F22","f","22","right","width",26.8518864328002
"43","F23","f","23","left","width",26.988037720442
"44","F23","f","23","right","width",26.1640403798802
"45","F24","f","24","left","width",26.6666252083011
"46","F24","f","24","right","width",27.8084423511998
"47","F25","f","25","left","width",27.8661724856501
"48","F25","f","25","right","width",29.0770438834487
"49","F26","f","26","left","width",24.5562819864897
"50","F26","f","26","right","width",24.7316324168058
"51","F28","f","28","left","width",27.7037550703871
"52","F28","f","28","right","width",27.6199050686276
"53","M01","m","01","left","width",29.1672674928592
"54","M01","m","01","right","width",27.4225783069353
"55","M02","m","02","left","width",28.556707390734
"56","M02","m","02","right","width",28.4687470219537
"57","M03","m","03","left","width",27.4432285454901
"58","M03","m","03","right","width",26.5621732921085
"59","M04","m","04","left","width",27.9321015679093
"60","M04","m","04","right","width",27.6278509660089
"61","M05","m","05","left","width",26.9428836615534
"62","M05","m","05","right","width",27.3972198772065
"63","M06","m","06","left","width",27.6659938914184
"64","M06","m","06","right","width",27.2525786302874
"65","M07","m","07","left","width",25.1384532738194
"66","M07","m","07","right","width",25.7978506469047
"67","M08","m","08","left","width",25.468648727406
"68","M08","m","08","right","width",26.0170192181964
"69","M09","m","09","left","width",27.0708642085915
"70","M09","m","09","right","width",26.4254539601499
"71","M10","m","10","left","width",30.2464827872598
"72","M10","m","10","right","width",29.7591271713402
"73","M11","m","11","left","width",25.255881414039
"74","M11","m","11","right","width",26.066093397362
"75","M12","m","12","left","width",31.0681901790239
"76","M12","m","12","right","width",30.5932593392727
"77","M13","m","13","left","width",28.9374633304303
"78","M13","m","13","right","width",26.7404969662121
"79","M14","m","14","left","width",28.4756154279411
"80","M14","m","14","right","width",28.3568507595607
"81","F01","f","01","left","width_horiz",27.039
"82","F01","f","01","right","width_horiz",25.75
"83","F02","f","02","left","width_horiz",28.339
"84","F02","f","02","right","width_horiz",28.768
"85","F03","f","03","left","width_horiz",25.555
"86","F03","f","03","right","width_horiz",24.67
"87","F04","f","04","left","width_horiz",26.273
"88","F04","f","04","right","width_horiz",26.073
"89","F05","f","05","left","width_horiz",25.805
"90","F05","f","05","right","width_horiz",26.261
"91","F07","f","07","left","width_horiz",24.966
"92","F07","f","07","right","width_horiz",24.894
"93","F08","f","08","left","width_horiz",28.302
"94","F08","f","08","right","width_horiz",28.432
"95","F09","f","09","left","width_horiz",27.964
"96","F09","f","09","right","width_horiz",28.875
"97","F10","f","10","left","width_horiz",26.954
"98","F10","f","10","right","width_horiz",27.39
"99","F11","f","11","left","width_horiz",24.132
"100","F11","f","11","right","width_horiz",24.363
"101","F12","f","12","left","width_horiz",26.576
"102","F12","f","12","right","width_horiz",25.678
"103","F13","f","13","left","width_horiz",26.516
"104","F13","f","13","right","width_horiz",25.444
"105","F14","f","14","left","width_horiz",27.987
"106","F14","f","14","right","width_horiz",26.029
"107","F15","f","15","left","width_horiz",27.076
"108","F15","f","15","right","width_horiz",26.643
"109","F16","f","16","left","width_horiz",26.384
"110","F16","f","16","right","width_horiz",26.571
"111","F17","f","17","left","width_horiz",26.261
"112","F17","f","17","right","width_horiz",25.756
"113","F18","f","18","left","width_horiz",29.088
"114","F18","f","18","right","width_horiz",27.91
"115","F19","f","19","left","width_horiz",25.037
"116","F19","f","19","right","width_horiz",26.79
"117","F20","f","20","left","width_horiz",28.66
"118","F20","f","20","right","width_horiz",28.387
"119","F21","f","21","left","width_horiz",22.586
"120","F21","f","21","right","width_horiz",24.5
"121","F22","f","22","left","width_horiz",27.573
"122","F22","f","22","right","width_horiz",26.858
"123","F23","f","23","left","width_horiz",26.999
"124","F23","f","23","right","width_horiz",26.154
"125","F24","f","24","left","width_horiz",26.562
"126","F24","f","24","right","width_horiz",27.685
"127","F25","f","25","left","width_horiz",27.839
"128","F25","f","25","right","width_horiz",28.916
"129","F26","f","26","left","width_horiz",24.457
"130","F26","f","26","right","width_horiz",24.672
"131","F28","f","28","left","width_horiz",27.509
"132","F28","f","28","right","width_horiz",27.105
"133","M01","m","01","left","width_horiz",29.06
"134","M01","m","01","right","width_horiz",27.356
"135","M02","m","02","left","width_horiz",28.564
"136","M02","m","02","right","width_horiz",28.406
"137","M03","m","03","left","width_horiz",27.461
"138","M03","m","03","right","width_horiz",26.552
"139","M04","m","04","left","width_horiz",27.945
"140","M04","m","04","right","width_horiz",27.615
"141","M05","m","05","left","width_horiz",26.866
"142","M05","m","05","right","width_horiz",27.402
"143","M06","m","06","left","width_horiz",27.687
"144","M06","m","06","right","width_horiz",27.197
"145","M07","m","07","left","width_horiz",25.124
"146","M07","m","07","right","width_horiz",25.787
"147","M08","m","08","left","width_horiz",25.387
"148","M08","m","08","right","width_horiz",26.035
"149","M09","m","09","left","width_horiz",26.926
"150","M09","m","09","right","width_horiz",26.439
"151","M10","m","10","left","width_horiz",30.213
"152","M10","m","10","right","width_horiz",29.784
"153","M11","m","11","left","width_horiz",25.269
"154","M11","m","11","right","width_horiz",25.982
"155","M12","m","12","left","width_horiz",31.046
"156","M12","m","12","right","width_horiz",30.602
"157","M13","m","13","left","width_horiz",28.916
"158","M13","m","13","right","width_horiz",26.637
"159","M14","m","14","left","width_horiz",28.355
"160","M14","m","14","right","width_horiz",28.355
"161","F01","f","01","left","sc_width",24.1811289231913
"162","F01","f","01","right","sc_width",23.6264082966497
"163","F02","f","02","left","sc_width",25.4485699598229
"164","F02","f","02","right","sc_width",24.7073264033161
"165","F03","f","03","left","sc_width",22.8628145686396
"166","F03","f","03","right","sc_width",21.5002213244422
"167","F04","f","04","left","sc_width",23.2996201900374
"168","F04","f","04","right","sc_width",22.7947178311117
"169","F05","f","05","left","sc_width",22.780307833741
"170","F05","f","05","right","sc_width",23.5114784732904
"171","F07","f","07","left","sc_width",22.5437360701371
"172","F07","f","07","right","sc_width",22.6601747786728
"173","F08","f","08","left","sc_width",25.8188059367586
"174","F08","f","08","right","sc_width",25.4856033477726
"175","F09","f","09","left","sc_width",24.1571539921407
"176","F09","f","09","right","sc_width",24.7830597182834
"177","F10","f","10","left","sc_width",23.332509037821
"178","F10","f","10","right","sc_width",24.8017673966998
"179","F11","f","11","left","sc_width",22.0149082441876
"180","F11","f","11","right","sc_width",22.4089948458203
"181","F12","f","12","left","sc_width",23.7623334081483
"182","F12","f","12","right","sc_width",23.3884563406823
"183","F13","f","13","left","sc_width",23.5453105309741
"184","F13","f","13","right","sc_width",23.2047418645414
"185","F14","f","14","left","sc_width",25.3411255669514
"186","F14","f","14","right","sc_width",22.6956430400198
"187","F15","f","15","left","sc_width",23.4094110348808
"188","F15","f","15","right","sc_width",23.4986689197495
"189","F16","f","16","left","sc_width",24.578028826576
"190","F16","f","16","right","sc_width",24.9063809494676
"191","F17","f","17","left","sc_width",23.4396640334285
"192","F17","f","17","right","sc_width",23.1678290955368
"193","F18","f","18","left","sc_width",26.4524191143268
"194","F18","f","18","right","sc_width",26.3394588023368
"195","F19","f","19","left","sc_width",22.0940000226306
"196","F19","f","19","right","sc_width",23.1208998527307
"197","F20","f","20","left","sc_width",24.3548817488404
"198","F20","f","20","right","sc_width",25.3637225185894
"199","F21","f","21","left","sc_width",20.6369681881811
"200","F21","f","21","right","sc_width",21.5389255303044
"201","F22","f","22","left","sc_width",25.1241898774866
"202","F22","f","22","right","sc_width",24.2337157282989
"203","F23","f","23","left","sc_width",24.3283666940467
"204","F23","f","23","right","sc_width",23.9793401493869
"205","F24","f","24","left","sc_width",23.6542584115419
"206","F24","f","24","right","sc_width",24.3219131648808
"207","F25","f","25","left","sc_width",24.2421377976448
"208","F25","f","25","right","sc_width",24.5825540780449
"209","F26","f","26","left","sc_width",22.3410991000891
"210","F26","f","26","right","sc_width",23.3925389814787
"211","F28","f","28","left","sc_width",23.7659157829022
"212","F28","f","28","right","sc_width",24.049025468821
"213","M01","m","01","left","sc_width",25.1917944180243
"214","M01","m","01","right","sc_width",23.3071303467415
"215","M02","m","02","left","sc_width",24.8984941311719
"216","M02","m","02","right","sc_width",24.8150805962826
"217","M03","m","03","left","sc_width",24.9579189236603
"218","M03","m","03","right","sc_width",24.1518867585951
"219","M04","m","04","left","sc_width",25.9771654342809
"220","M04","m","04","right","sc_width",24.992998239507
"221","M05","m","05","left","sc_width",24.6806221355946
"222","M05","m","05","right","sc_width",24.0020766184928
"223","M06","m","06","left","sc_width",24.2352837202291
"224","M06","m","06","right","sc_width",24.5901473155408
"225","M07","m","07","left","sc_width",21.4565574358982
"226","M07","m","07","right","sc_width",22.6170980676125
"227","M08","m","08","left","sc_width",21.7290465966641
"228","M08","m","08","right","sc_width",22.9318034615684
"229","M09","m","09","left","sc_width",23.1562806167139
"230","M09","m","09","right","sc_width",22.7506286726323
"231","M10","m","10","left","sc_width",26.9541382351579
"232","M10","m","10","right","sc_width",26.0807750076565
"233","M11","m","11","left","sc_width",21.9424575196125
"234","M11","m","11","right","sc_width",22.7348746422759
"235","M12","m","12","left","sc_width",26.797726358779
"236","M12","m","12","right","sc_width",26.8076947908618
"237","M13","m","13","left","sc_width",25.0607454996854
"238","M13","m","13","right","sc_width",24.1843877325849
"239","M14","m","14","left","sc_width",26.2425635942832
"240","M14","m","14","right","sc_width",25.1200562101282
"241","F01","f","01","left","sc_width_horiz",24.185
"242","F01","f","01","right","sc_width_horiz",23.634
"243","F02","f","02","left","sc_width_horiz",25.441
"244","F02","f","02","right","sc_width_horiz",24.727
"245","F03","f","03","left","sc_width_horiz",22.843
"246","F03","f","03","right","sc_width_horiz",21.472
"247","F04","f","04","left","sc_width_horiz",23.315
"248","F04","f","04","right","sc_width_horiz",22.801
"249","F05","f","05","left","sc_width_horiz",22.788
"250","F05","f","05","right","sc_width_horiz",23.514
"251","F07","f","07","left","sc_width_horiz",22.509
"252","F07","f","07","right","sc_width_horiz",22.667
"253","F08","f","08","left","sc_width_horiz",25.825
"254","F08","f","08","right","sc_width_horiz",25.465
"255","F09","f","09","left","sc_width_horiz",24.149
"256","F09","f","09","right","sc_width_horiz",24.785
"257","F10","f","10","left","sc_width_horiz",23.34
"258","F10","f","10","right","sc_width_horiz",24.777
"259","F11","f","11","left","sc_width_horiz",22.017
"260","F11","f","11","right","sc_width_horiz",22.422
"261","F12","f","12","left","sc_width_horiz",23.766
"262","F12","f","12","right","sc_width_horiz",23.404
"263","F13","f","13","left","sc_width_horiz",23.531
"264","F13","f","13","right","sc_width_horiz",23.154
"265","F14","f","14","left","sc_width_horiz",25.342
"266","F14","f","14","right","sc_width_horiz",22.624
"267","F15","f","15","left","sc_width_horiz",23.412
"268","F15","f","15","right","sc_width_horiz",23.484
"269","F16","f","16","left","sc_width_horiz",24.597
"270","F16","f","16","right","sc_width_horiz",24.799
"271","F17","f","17","left","sc_width_horiz",23.433
"272","F17","f","17","right","sc_width_horiz",23.188
"273","F18","f","18","left","sc_width_horiz",26.474
"274","F18","f","18","right","sc_width_horiz",26.316
"275","F19","f","19","left","sc_width_horiz",22.107
"276","F19","f","19","right","sc_width_horiz",23.112
"277","F20","f","20","left","sc_width_horiz",24.313
"278","F20","f","20","right","sc_width_horiz",25.364
"279","F21","f","21","left","sc_width_horiz",20.642
"280","F21","f","21","right","sc_width_horiz",21.564
"281","F22","f","22","left","sc_width_horiz",25.127
"282","F22","f","22","right","sc_width_horiz",24.198
"283","F23","f","23","left","sc_width_horiz",24.317
"284","F23","f","23","right","sc_width_horiz",23.982
"285","F24","f","24","left","sc_width_horiz",23.669
"286","F24","f","24","right","sc_width_horiz",24.317
"287","F25","f","25","left","sc_width_horiz",24.252
"288","F25","f","25","right","sc_width_horiz",24.596
"289","F26","f","26","left","sc_width_horiz",22.35
"290","F26","f","26","right","sc_width_horiz",23.396
"291","F28","f","28","left","sc_width_horiz",23.758
"292","F28","f","28","right","sc_width_horiz",23.83
"293","M01","m","01","left","sc_width_horiz",25.176
"294","M01","m","01","right","sc_width_horiz",23.329
"295","M02","m","02","left","sc_width_horiz",24.89
"296","M02","m","02","right","sc_width_horiz",24.631
"297","M03","m","03","left","sc_width_horiz",24.922
"298","M03","m","03","right","sc_width_horiz",24.157
"299","M04","m","04","left","sc_width_horiz",25.982
"300","M04","m","04","right","sc_width_horiz",24.865
"301","M05","m","05","left","sc_width_horiz",24.693
"302","M05","m","05","right","sc_width_horiz",23.983
"303","M06","m","06","left","sc_width_horiz",24.217
"304","M06","m","06","right","sc_width_horiz",24.591
"305","M07","m","07","left","sc_width_horiz",21.42
"306","M07","m","07","right","sc_width_horiz",22.544
"307","M08","m","08","left","sc_width_horiz",21.742
"308","M08","m","08","right","sc_width_horiz",22.865
"309","M09","m","09","left","sc_width_horiz",23.174
"310","M09","m","09","right","sc_width_horiz",22.672
"311","M10","m","10","left","sc_width_horiz",26.81
"312","M10","m","10","right","sc_width_horiz",26.037
"313","M11","m","11","left","sc_width_horiz",21.942
"314","M11","m","11","right","sc_width_horiz",22.742
"315","M12","m","12","left","sc_width_horiz",26.644
"316","M12","m","12","right","sc_width_horiz",26.615
"317","M13","m","13","left","sc_width_horiz",24.931
"318","M13","m","13","right","sc_width_horiz",23.927
"319","M14","m","14","left","sc_width_horiz",26.23
"320","M14","m","14","right","sc_width_horiz",24.981
"321","F01","f","01","left","ir_width",12.2111065018695
"322","F01","f","01","right","ir_width",12.1144903731028
"323","F02","f","02","left","ir_width",11.3415941119403
"324","F02","f","02","right","ir_width",11.2734763493787
"325","F03","f","03","left","ir_width",11.535177935342
"326","F03","f","03","right","ir_width",11.4491868706909
"327","F04","f","04","left","ir_width",11.8426905726697
"328","F04","f","04","right","ir_width",12.062168503217
"329","F05","f","05","left","ir_width",11.6636214787689
"330","F05","f","05","right","ir_width",11.67708953464
"331","F07","f","07","left","ir_width",12.1838071225705
"332","F07","f","07","right","ir_width",12.7001951559809
"333","F08","f","08","left","ir_width",12.6480542772396
"334","F08","f","08","right","ir_width",12.6727506879919
"335","F09","f","09","left","ir_width",11.2149374050861
"336","F09","f","09","right","ir_width",11.1380479887636
"337","F10","f","10","left","ir_width",11.5316583803025
"338","F10","f","10","right","ir_width",11.5883324943669
"339","F11","f","11","left","ir_width",11.7729460204318
"340","F11","f","11","right","ir_width",11.9858108194648
"341","F12","f","12","left","ir_width",11.738415054853
"342","F12","f","12","right","ir_width",11.819608326844
"343","F13","f","13","left","ir_width",11.4470425874983
"344","F13","f","13","right","ir_width",11.5656190928112
"345","F14","f","14","left","ir_width",11.2941022662273
"346","F14","f","14","right","ir_width",11.5759896769131
"347","F15","f","15","left","ir_width",11.4140648762831
"348","F15","f","15","right","ir_width",11.4654790131071
"349","F16","f","16","left","ir_width",11.3952759510246
"350","F16","f","16","right","ir_width",11.4489355400404
"351","F17","f","17","left","ir_width",12.3321713011132
"352","F17","f","17","right","ir_width",12.3538141883388
"353","F18","f","18","left","ir_width",12.0746511336767
"354","F18","f","18","right","ir_width",12.171327372148
"355","F19","f","19","left","ir_width",11.668078033678
"356","F19","f","19","right","ir_width",11.9392110710884
"357","F20","f","20","left","ir_width",11.6540727644888
"358","F20","f","20","right","ir_width",11.4665887691152
"359","F21","f","21","left","ir_width",10.7022555566572
"360","F21","f","21","right","ir_width",10.7068398699149
"361","F22","f","22","left","ir_width",11.818520423471
"362","F22","f","22","right","ir_width",11.8226853971507
"363","F23","f","23","left","ir_width",11.8521740199847
"364","F23","f","23","right","ir_width",12.0713479777529
"365","F24","f","24","left","ir_width",11.4469351793395
"366","F24","f","24","right","ir_width",11.2640135830884
"367","F25","f","25","left","ir_width",11.909050172033
"368","F25","f","25","right","ir_width",11.9842306803566
"369","F26","f","26","left","ir_width",11.9554848500594
"370","F26","f","26","right","ir_width",11.8958714266757
"371","F28","f","28","left","ir_width",11.3865121964542
"372","F28","f","28","right","ir_width",11.5252183059584
"373","M01","m","01","left","ir_width",11.5800655006783
"374","M01","m","01","right","ir_width",11.7708386277274
"375","M02","m","02","left","ir_width",12.2075187077473
"376","M02","m","02","right","ir_width",12.3474320002177
"377","M03","m","03","left","ir_width",12.1075236939681
"378","M03","m","03","right","ir_width",11.9837404010601
"379","M04","m","04","left","ir_width",12.4894374973415
"380","M04","m","04","right","ir_width",12.3807813969878
"381","M05","m","05","left","ir_width",11.8734006080819
"382","M05","m","05","right","ir_width",11.7980216138131
"383","M06","m","06","left","ir_width",11.8862677068961
"384","M06","m","06","right","ir_width",11.8619828443646
"385","M07","m","07","left","ir_width",12.1992960862502
"386","M07","m","07","right","ir_width",12.2722567199354
"387","M08","m","08","left","ir_width",11.9627864646996
"388","M08","m","08","right","ir_width",11.8779122744698
"389","M09","m","09","left","ir_width",11.9655068425871
"390","M09","m","09","right","ir_width",11.8784797848883
"391","M10","m","10","left","ir_width",12.1072487791405
"392","M10","m","10","right","ir_width",12.0505835543346
"393","M11","m","11","left","ir_width",12.3781406115781
"394","M11","m","11","right","ir_width",11.9788029452028
"395","M12","m","12","left","ir_width",11.8778447960899
"396","M12","m","12","right","ir_width",11.9560478838118
"397","M13","m","13","left","ir_width",11.8320738672474
"398","M13","m","13","right","ir_width",11.7445122929818
"399","M14","m","14","left","ir_width",12.1795011802619
"400","M14","m","14","right","ir_width",12.4643599514777
"401","F01","f","01","left","ir_width_horiz",12.129
"402","F01","f","01","right","ir_width_horiz",12.129
"403","F02","f","02","left","ir_width_horiz",11.321
"404","F02","f","02","right","ir_width_horiz",11.236
"405","F03","f","03","left","ir_width_horiz",11.536
"406","F03","f","03","right","ir_width_horiz",11.464
"407","F04","f","04","left","ir_width_horiz",11.829
"408","F04","f","04","right","ir_width_horiz",11.886
"409","F05","f","05","left","ir_width_horiz",11.572
"410","F05","f","05","right","ir_width_horiz",11.6
"411","F07","f","07","left","ir_width_horiz",12.023
"412","F07","f","07","right","ir_width_horiz",12.483
"413","F08","f","08","left","ir_width_horiz",12.66
"414","F08","f","08","right","ir_width_horiz",12.66
"415","F09","f","09","left","ir_width_horiz",11.229
"416","F09","f","09","right","ir_width_horiz",11.157
"417","F10","f","10","left","ir_width_horiz",11.496
"418","F10","f","10","right","ir_width_horiz",11.51
"419","F11","f","11","left","ir_width_horiz",11.704
"420","F11","f","11","right","ir_width_horiz",11.993
"421","F12","f","12","left","ir_width_horiz",11.746
"422","F12","f","12","right","ir_width_horiz",11.688
"423","F13","f","13","left","ir_width_horiz",11.461
"424","F13","f","13","right","ir_width_horiz",11.577
"425","F14","f","14","left","ir_width_horiz",11.195
"426","F14","f","14","right","ir_width_horiz",11.546
"427","F15","f","15","left","ir_width_horiz",11.425
"428","F15","f","15","right","ir_width_horiz",11.223
"429","F16","f","16","left","ir_width_horiz",11.369
"430","F16","f","16","right","ir_width_horiz",11.427
"431","F17","f","17","left","ir_width_horiz",12.135
"432","F17","f","17","right","ir_width_horiz",12.222
"433","F18","f","18","left","ir_width_horiz",12.066
"434","F18","f","18","right","ir_width_horiz",12.152
"435","F19","f","19","left","ir_width_horiz",11.664
"436","F19","f","19","right","ir_width_horiz",11.865
"437","F20","f","20","left","ir_width_horiz",11.631
"438","F20","f","20","right","ir_width_horiz",11.415
"439","F21","f","21","left","ir_width_horiz",10.724
"440","F21","f","21","right","ir_width_horiz",10.71
"441","F22","f","22","left","ir_width_horiz",11.713
"442","F22","f","22","right","ir_width_horiz",11.756
"443","F23","f","23","left","ir_width_horiz",11.838
"444","F23","f","23","right","ir_width_horiz",12.056
"445","F24","f","24","left","ir_width_horiz",11.158
"446","F24","f","24","right","ir_width_horiz",11.23
"447","F25","f","25","left","ir_width_horiz",11.882
"448","F25","f","25","right","ir_width_horiz",11.911
"449","F26","f","26","left","ir_width_horiz",11.956
"450","F26","f","26","right","ir_width_horiz",11.842
"451","F28","f","28","left","ir_width_horiz",11.396
"452","F28","f","28","right","ir_width_horiz",11.396
"453","M01","m","01","left","ir_width_horiz",11.491
"454","M01","m","01","right","ir_width_horiz",11.751
"455","M02","m","02","left","ir_width_horiz",12.115
"456","M02","m","02","right","ir_width_horiz",12.287
"457","M03","m","03","left","ir_width_horiz",11.775
"458","M03","m","03","right","ir_width_horiz",11.862
"459","M04","m","04","left","ir_width_horiz",12.504
"460","M04","m","04","right","ir_width_horiz",12.347
"461","M05","m","05","left","ir_width_horiz",11.883
"462","M05","m","05","right","ir_width_horiz",11.825
"463","M06","m","06","left","ir_width_horiz",11.835
"464","M06","m","06","right","ir_width_horiz",11.763
"465","M07","m","07","left","ir_width_horiz",12.094
"466","M07","m","07","right","ir_width_horiz",12.281
"467","M08","m","08","left","ir_width_horiz",11.829
"468","M08","m","08","right","ir_width_horiz",11.699
"469","M09","m","09","left","ir_width_horiz",11.859
"470","M09","m","09","right","ir_width_horiz",11.888
"471","M10","m","10","left","ir_width_horiz",12.096
"472","M10","m","10","right","ir_width_horiz",12.068
"473","M11","m","11","left","ir_width_horiz",12.22
"474","M11","m","11","right","ir_width_horiz",11.806
"475","M12","m","12","left","ir_width_horiz",11.702
"476","M12","m","12","right","ir_width_horiz",11.831
"477","M13","m","13","left","ir_width_horiz",11.655
"478","M13","m","13","right","ir_width_horiz",11.756
"479","M14","m","14","left","ir_width_horiz",11.959
"480","M14","m","14","right","ir_width_horiz",12.318
"481","F01","f","01","left","ir_width_alt",11.7404888845407
"482","F01","f","01","right","ir_width_alt",11.5505904568855
"483","F02","f","02","left","ir_width_alt",11.0798391998878
"484","F02","f","02","right","ir_width_alt",11.1710094989735
"485","F03","f","03","left","ir_width_alt",10.9493335464482
"486","F03","f","03","right","ir_width_alt",11.0458682525015
"487","F04","f","04","left","ir_width_alt",11.3746793674956
"488","F04","f","04","right","ir_width_alt",11.491992183535
"489","F05","f","05","left","ir_width_alt",11.2855580993761
"490","F05","f","05","right","ir_width_alt",11.4233368120108
"491","F07","f","07","left","ir_width_alt",11.0401878027278
"492","F07","f","07","right","ir_width_alt",11.3106891165103
"493","F08","f","08","left","ir_width_alt",11.9946244944128
"494","F08","f","08","right","ir_width_alt",12.3440772924568
"495","F09","f","09","left","ir_width_alt",10.0738091400179
"496","F09","f","09","right","ir_width_alt",10.5979408564168
"497","F10","f","10","left","ir_width_alt",10.588637666607
"498","F10","f","10","right","ir_width_alt",10.0267818069065
"499","F11","f","11","left","ir_width_alt",11.324475551788
"500","F11","f","11","right","ir_width_alt",11.5311872430636
"501","F12","f","12","left","ir_width_alt",10.6468187982067
"502","F12","f","12","right","ir_width_alt",10.9068510681007
"503","F13","f","13","left","ir_width_alt",11.4459331703165
"504","F13","f","13","right","ir_width_alt",11.4676575470848
"505","F14","f","14","left","ir_width_alt",10.5245673401077
"506","F14","f","14","right","ir_width_alt",10.7054790141097
"507","F15","f","15","left","ir_width_alt",10.8793837261783
"508","F15","f","15","right","ir_width_alt",10.8977182483593
"509","F16","f","16","left","ir_width_alt",11.0062032704514
"510","F16","f","16","right","ir_width_alt",11.2552718353253
"511","F17","f","17","left","ir_width_alt",11.8747699591278
"512","F17","f","17","right","ir_width_alt",11.7982374001442
"513","F18","f","18","left","ir_width_alt",11.2539083517725
"514","F18","f","18","right","ir_width_alt",11.0338190390173
"515","F19","f","19","left","ir_width_alt",11.3411867888357
"516","F19","f","19","right","ir_width_alt",11.3711909590513
"517","F20","f","20","left","ir_width_alt",10.8029326720319
"518","F20","f","20","right","ir_width_alt",10.4880627990648
"519","F21","f","21","left","ir_width_alt",10.6387238112372
"520","F21","f","21","right","ir_width_alt",10.4271534663377
"521","F22","f","22","left","ir_width_alt",11.4077065510628
"522","F22","f","22","right","ir_width_alt",11.3775597668118
"523","F23","f","23","left","ir_width_alt",11.407784746653
"524","F23","f","23","right","ir_width_alt",11.4970148573988
"525","F24","f","24","left","ir_width_alt",10.7246530746591
"526","F24","f","24","right","ir_width_alt",10.3231350401361
"527","F25","f","25","left","ir_width_alt",11.4850176499484
"528","F25","f","25","right","ir_width_alt",11.6678774583284
"529","F26","f","26","left","ir_width_alt",11.8868038791825
"530","F26","f","26","right","ir_width_alt",11.676083447849
"531","F28","f","28","left","ir_width_alt",10.7221221360629
"532","F28","f","28","right","ir_width_alt",10.885902264896
"533","M01","m","01","left","ir_width_alt",10.8870420397428
"534","M01","m","01","right","ir_width_alt",11.1713941215855
"535","M02","m","02","left","ir_width_alt",11.8443149001231
"536","M02","m","02","right","ir_width_alt",11.9822223690309
"537","M03","m","03","left","ir_width_alt",11.1827757056942
"538","M03","m","03","right","ir_width_alt",11.2583420643157
"539","M04","m","04","left","ir_width_alt",12.0521850325032
"540","M04","m","04","right","ir_width_alt",12.0378559298151
"541","M05","m","05","left","ir_width_alt",10.9950082320133
"542","M05","m","05","right","ir_width_alt",11.1128050880753
"543","M06","m","06","left","ir_width_alt",11.6137588392608
"544","M06","m","06","right","ir_width_alt",11.5400438743852
"545","M07","m","07","left","ir_width_alt",11.4145275153173
"546","M07","m","07","right","ir_width_alt",11.3516831746508
"547","M08","m","08","left","ir_width_alt",11.4562577227841
"548","M08","m","08","right","ir_width_alt",11.2212196783754
"549","M09","m","09","left","ir_width_alt",11.4420148705284
"550","M09","m","09","right","ir_width_alt",11.5597392009074
"551","M10","m","10","left","ir_width_alt",11.5963392283373
"552","M10","m","10","right","ir_width_alt",11.6997282143024
"553","M11","m","11","left","ir_width_alt",11.7903783029483
"554","M11","m","11","right","ir_width_alt",11.635502426305
"555","M12","m","12","left","ir_width_alt",10.554019702218
"556","M12","m","12","right","ir_width_alt",11.0631661468676
"557","M13","m","13","left","ir_width_alt",11.1512845780068
"558","M13","m","13","right","ir_width_alt",11.2379325481565
"559","M14","m","14","left","ir_width_alt",11.7051404755685
"560","M14","m","14","right","ir_width_alt",12.2356765444488
"561","F01","f","01","left","height",9.64005823638741
"562","F01","f","01","right","height",9.43738369648825
"563","F02","f","02","left","height",9.3320814074154
"564","F02","f","02","right","height",8.7405688408445
"565","F03","f","03","left","height",9.62425997662669
"566","F03","f","03","right","height",9.77168579267432
"567","F04","f","04","left","height",8.23256407414863
"568","F04","f","04","right","height",8.40385341179712
"569","F05","f","05","left","height",9.35070786818763
"570","F05","f","05","right","height",9.64445764889643
"571","F07","f","07","left","height",8.2154905740418
"572","F07","f","07","right","height",9.09661434174132
"573","F08","f","08","left","height",8.26517354527351
"574","F08","f","08","right","height",8.82398324140702
"575","F09","f","09","left","height",10.3279919096074
"576","F09","f","09","right","height",10.04249182185
"577","F10","f","10","left","height",10.4235126671312
"578","F10","f","10","right","height",9.10487848500031
"579","F11","f","11","left","height",7.90423538756743
"580","F11","f","11","right","height",8.21914323583418
"581","F12","f","12","left","height",8.80244211481515
"582","F12","f","12","right","height",8.65567329166552
"583","F13","f","13","left","height",9.95986805813894
"584","F13","f","13","right","height",9.82851422274439
"585","F14","f","14","left","height",7.06765865889074
"586","F14","f","14","right","height",6.90771393924877
"587","F15","f","15","left","height",9.95827398693965
"588","F15","f","15","right","height",9.98546415646986
"589","F16","f","16","left","height",10.2840067337292
"590","F16","f","16","right","height",10.4047533106622
"591","F17","f","17","left","height",8.37603135357104
"592","F17","f","17","right","height",7.97480240008798
"593","F18","f","18","left","height",11.2451523684049
"594","F18","f","18","right","height",10.4357232135063
"595","F19","f","19","left","height",10.113058489432
"596","F19","f","19","right","height",9.94097051166443
"597","F20","f","20","left","height",9.92261852971935
"598","F20","f","20","right","height",10.2760949578559
"599","F21","f","21","left","height",8.81164282267187
"600","F21","f","21","right","height",8.50921044929632
"601","F22","f","22","left","height",11.3780851770252
"602","F22","f","22","right","height",11.0026965008028
"603","F23","f","23","left","height",9.49937150611384
"604","F23","f","23","right","height",8.9328126208532
"605","F24","f","24","left","height",9.6294471840813
"606","F24","f","24","right","height",9.39042778651325
"607","F25","f","25","left","height",9.65958909068913
"608","F25","f","25","right","height",9.99688239062586
"609","F26","f","26","left","height",10.0099704421956
"610","F26","f","26","right","height",10.3046643671018
"611","F28","f","28","left","height",8.76501042700266
"612","F28","f","28","right","height",9.15709163244999
"613","M01","m","01","left","height",8.83013460051398
"614","M01","m","01","right","height",7.214626111763
"615","M02","m","02","left","height",9.57032455000169
"616","M02","m","02","right","height",9.70474485402566
"617","M03","m","03","left","height",9.04651536038487
"618","M03","m","03","right","height",9.18562897968244
"619","M04","m","04","left","height",11.2499191445436
"620","M04","m","04","right","height",10.3376943230306
"621","M05","m","05","left","height",9.06021679875963
"622","M05","m","05","right","height",8.64604992966659
"623","M06","m","06","left","height",8.25199645968175
"624","M06","m","06","right","height",8.04384570675177
"625","M07","m","07","left","height",6.23708799300636
"626","M07","m","07","right","height",6.77500644835257
"627","M08","m","08","left","height",9.0872480691704
"628","M08","m","08","right","height",9.37738325667516
"629","M09","m","09","left","height",9.1889224768401
"630","M09","m","09","right","height",10.2079074586881
"631","M10","m","10","left","height",10.7897396669971
"632","M10","m","10","right","height",10.738074252948
"633","M11","m","11","left","height",7.28154901568537
"634","M11","m","11","right","height",7.7617569265116
"635","M12","m","12","left","height",10.5681589539757
"636","M12","m","12","right","height",10.2272903768572
"637","M13","m","13","left","height",8.19378510531462
"638","M13","m","13","right","height",8.88666514750073
"639","M14","m","14","left","height",9.78893541403642
"640","M14","m","14","right","height",10.0744314544995
"641","F01","f","01","left","sc_height",9.59337687187164
"642","F01","f","01","right","sc_height",9.34064220152204
"643","F02","f","02","left","sc_height",9.28250300367143
"644","F02","f","02","right","sc_height",8.66275527818417
"645","F03","f","03","left","sc_height",9.59525125647145
"646","F03","f","03","right","sc_height",9.64508087292469
"647","F04","f","04","left","sc_height",8.23586743999742
"648","F04","f","04","right","sc_height",8.36962419517578
"649","F05","f","05","left","sc_height",9.29454183734433
"650","F05","f","05","right","sc_height",9.6337245163415
"651","F07","f","07","left","sc_height",8.18854161852659
"652","F07","f","07","right","sc_height",8.98329190735984
"653","F08","f","08","left","sc_height",8.2523324527148
"654","F08","f","08","right","sc_height",8.80840059616696
"655","F09","f","09","left","sc_height",10.2605972725651
"656","F09","f","09","right","sc_height",9.95737738320282
"657","F10","f","10","left","sc_height",10.4083009732169
"658","F10","f","10","right","sc_height",9.0960652361784
"659","F11","f","11","left","sc_height",7.87351435882356
"660","F11","f","11","right","sc_height",8.18532097130493
"661","F12","f","12","left","sc_height",8.78361799209509
"662","F12","f","12","right","sc_height",8.63253752652197
"663","F13","f","13","left","sc_height",9.8629273985423
"664","F13","f","13","right","sc_height",9.75636813592836
"665","F14","f","14","left","sc_height",7.05451975898107
"666","F14","f","14","right","sc_height",6.86094514322922
"667","F15","f","15","left","sc_height",9.94482019210013
"668","F15","f","15","right","sc_height",9.95512700832884
"669","F16","f","16","left","sc_height",10.2676830769768
"670","F16","f","16","right","sc_height",10.3599048260192
"671","F17","f","17","left","sc_height",8.31896845483472
"672","F17","f","17","right","sc_height",7.92715602108789
"673","F18","f","18","left","sc_height",11.2307398432929
"674","F18","f","18","right","sc_height",10.4179081537968
"675","F19","f","19","left","sc_height",10.0798433909125
"676","F19","f","19","right","sc_height",9.89916112856033
"677","F20","f","20","left","sc_height",9.8696383987149
"678","F20","f","20","right","sc_height",10.2477052641398
"679","F21","f","21","left","sc_height",8.76137986239306
"680","F21","f","21","right","sc_height",8.46117939961281
"681","F22","f","22","left","sc_height",11.3147600231637
"682","F22","f","22","right","sc_height",10.9712538994557
"683","F23","f","23","left","sc_height",9.4731478533112
"684","F23","f","23","right","sc_height",8.89907436526284
"685","F24","f","24","left","sc_height",9.5763433888899
"686","F24","f","24","right","sc_height",9.36666880545301
"687","F25","f","25","left","sc_height",9.57908103203021
"688","F25","f","25","right","sc_height",9.93643658266715
"689","F26","f","26","left","sc_height",9.98472582122628
"690","F26","f","26","right","sc_height",10.26383077293
"691","F28","f","28","left","sc_height",8.72461516334035
"692","F28","f","28","right","sc_height",9.14466721453947
"693","M01","m","01","left","sc_height",8.81046937812297
"694","M01","m","01","right","sc_height",7.1701928201393
"695","M02","m","02","left","sc_height",9.54797916199047
"696","M02","m","02","right","sc_height",9.67886615993335
"697","M03","m","03","left","sc_height",8.9985169674121
"698","M03","m","03","right","sc_height",9.14711026694465
"699","M04","m","04","left","sc_height",11.1930262186199
"700","M04","m","04","right","sc_height",10.2928992370421
"701","M05","m","05","left","sc_height",9.01306870779589
"702","M05","m","05","right","sc_height",8.59965033535384
"703","M06","m","06","left","sc_height",8.22275020294425
"704","M06","m","06","right","sc_height",7.98254584780086
"705","M07","m","07","left","sc_height",6.2292676279062
"706","M07","m","07","right","sc_height",6.77793984331298
"707","M08","m","08","left","sc_height",9.05190300229215
"708","M08","m","08","right","sc_height",9.32407071657879
"709","M09","m","09","left","sc_height",9.08264254371837
"710","M09","m","09","right","sc_height",10.1367737844369
"711","M10","m","10","left","sc_height",10.8016820372023
"712","M10","m","10","right","sc_height",10.6914667648456
"713","M11","m","11","left","sc_height",7.27124514491514
"714","M11","m","11","right","sc_height",7.73098795035499
"715","M12","m","12","left","sc_height",10.5669615260682
"716","M12","m","12","right","sc_height",10.2185470491876
"717","M13","m","13","left","sc_height",8.1554748780415
"718","M13","m","13","right","sc_height",8.84095395087966
"719","M14","m","14","left","sc_height",9.77140153970202
"720","M14","m","14","right","sc_height",10.0275911883979
"721","F01","f","01","left","ir_height",9.72071839271783
"722","F01","f","01","right","ir_height",9.32577139271618
"723","F02","f","02","left","ir_height",9.3431228126038
"724","F02","f","02","right","ir_height",9.24748987931036
"725","F03","f","03","left","ir_height",9.37750933548141
"726","F03","f","03","right","ir_height",9.40135769814214
"727","F04","f","04","left","ir_height",8.35496867761226
"728","F04","f","04","right","ir_height",8.67373814008823
"729","F05","f","05","left","ir_height",10.369776022438
"730","F05","f","05","right","ir_height",10.3973304903936
"731","F07","f","07","left","ir_height",8.26205439448997
"732","F07","f","07","right","ir_height",9.29831944956046
"733","F08","f","08","left","ir_height",8.25482481630778
"734","F08","f","08","right","ir_height",9.03908436504294
"735","F09","f","09","left","ir_height",9.57331853677611
"736","F09","f","09","right","ir_height",9.60466467471021
"737","F10","f","10","left","ir_height",9.50374668240372
"738","F10","f","10","right","ir_height",8.96157834495896
"739","F11","f","11","left","ir_height",7.84210215023144
"740","F11","f","11","right","ir_height",8.20324319269515
"741","F12","f","12","left","ir_height",8.81011671810287
"742","F12","f","12","right","ir_height",8.87868795222287
"743","F13","f","13","left","ir_height",9.86861658245438
"744","F13","f","13","right","ir_height",9.73867796305567
"745","F14","f","14","left","ir_height",7.1799691394502
"746","F14","f","14","right","ir_height",6.88835136556881
"747","F15","f","15","left","ir_height",10.7916477033202
"748","F15","f","15","right","ir_height",10.874252146307
"749","F16","f","16","left","ir_height",10.3487079737929
"750","F16","f","16","right","ir_height",10.4360999759223
"751","F17","f","17","left","ir_height",8.6774459336332
"752","F17","f","17","right","ir_height",8.38720424742593
"753","F18","f","18","left","ir_height",10.9205130400798
"754","F18","f","18","right","ir_height",10.5499378835047
"755","F19","f","19","left","ir_height",9.8872616990937
"756","F19","f","19","right","ir_height",10.0576309764182
"757","F20","f","20","left","ir_height",9.62652346668486
"758","F20","f","20","right","ir_height",10.0972541389177
"759","F21","f","21","left","ir_height",8.77378819399549
"760","F21","f","21","right","ir_height",8.4523104673972
"761","F22","f","22","left","ir_height",11.5704202044132
"762","F22","f","22","right","ir_height",11.4427017673864
"763","F23","f","23","left","ir_height",9.56400761019354
"764","F23","f","23","right","ir_height",9.08219167151048
"765","F24","f","24","left","ir_height",10.1119295533873
"766","F24","f","24","right","ir_height",10.0397879210032
"767","F25","f","25","left","ir_height",9.16742781653059
"768","F25","f","25","right","ir_height",9.79008322265998
"769","F26","f","26","left","ir_height",9.9927176219553
"770","F26","f","26","right","ir_height",11.186524459656
"771","F28","f","28","left","ir_height",9.24983770624558
"772","F28","f","28","right","ir_height",9.13032011859462
"773","M01","m","01","left","ir_height",8.95555606917793
"774","M01","m","01","right","ir_height",7.1802674415685
"775","M02","m","02","left","ir_height",9.61441181191082
"776","M02","m","02","right","ir_height",9.66461861144383
"777","M03","m","03","left","ir_height",9.16649181348121
"778","M03","m","03","right","ir_height",9.59713950199477
"779","M04","m","04","left","ir_height",10.2367253628079
"780","M04","m","04","right","ir_height",10.1250072944497
"781","M05","m","05","left","ir_height",8.96892095549315
"782","M05","m","05","right","ir_height",8.58303839967501
"783","M06","m","06","left","ir_height",8.32021217713371
"784","M06","m","06","right","ir_height",8.05432221178471
"785","M07","m","07","left","ir_height",6.23329895217014
"786","M07","m","07","right","ir_height",6.82160717504432
"787","M08","m","08","left","ir_height",9.62585583406741
"788","M08","m","08","right","ir_height",10.0063939781485
"789","M09","m","09","left","ir_height",9.39769880583646
"790","M09","m","09","right","ir_height",9.98993101678967
"791","M10","m","10","left","ir_height",9.87966800525976
"792","M10","m","10","right","ir_height",10.143960145907
"793","M11","m","11","left","ir_height",7.31578536942286
"794","M11","m","11","right","ir_height",7.99632435416279
"795","M12","m","12","left","ir_height",10.067295890115
"796","M12","m","12","right","ir_height",9.56403458889028
"797","M13","m","13","left","ir_height",8.23689420557182
"798","M13","m","13","right","ir_height",8.96722011130575
"799","M14","m","14","left","ir_height",10.2033641587013
"800","M14","m","14","right","ir_height",10.1617545872767
"801","F01","f","01","left","complete_area",167.471
"802","F01","f","01","right","complete_area",155.99
"803","F02","f","02","left","complete_area",164.057
"804","F02","f","02","right","complete_area",155.069
"805","F03","f","03","left","complete_area",160.373
"806","F03","f","03","right","complete_area",164.421
"807","F04","f","04","left","complete_area",141.866
"808","F04","f","04","right","complete_area",143.423
"809","F05","f","05","left","complete_area",155.644
"810","F05","f","05","right","complete_area",162.238
"811","F07","f","07","left","complete_area",134.995
"812","F07","f","07","right","complete_area",151.439
"813","F08","f","08","left","complete_area",143.654
"814","F08","f","08","right","complete_area",158.247
"815","F09","f","09","left","complete_area",202.693
"816","F09","f","09","right","complete_area",194.879
"817","F10","f","10","left","complete_area",184.514
"818","F10","f","10","right","complete_area",165.447
"819","F11","f","11","left","complete_area",117.337
"820","F11","f","11","right","complete_area",122.81
"821","F12","f","12","left","complete_area",151.999
"822","F12","f","12","right","complete_area",147.722
"823","F13","f","13","left","complete_area",183.041
"824","F13","f","13","right","complete_area",170.955
"825","F14","f","14","left","complete_area",123.093
"826","F14","f","14","right","complete_area",110.475
"827","F15","f","15","left","complete_area",169.474
"828","F15","f","15","right","complete_area",172.688
"829","F16","f","16","left","complete_area",180.356
"830","F16","f","16","right","complete_area",184.359
"831","F17","f","17","left","complete_area",147.556
"832","F17","f","17","right","complete_area",134.886
"833","F18","f","18","left","complete_area",221.428
"834","F18","f","18","right","complete_area",200.751
"835","F19","f","19","left","complete_area",163.692
"836","F19","f","19","right","complete_area",165.425
"837","F20","f","20","left","complete_area",183.564
"838","F20","f","20","right","complete_area",192.213
"839","F21","f","21","left","complete_area",137.451
"840","F21","f","21","right","complete_area",134.357
"841","F22","f","22","left","complete_area",209.015
"842","F22","f","22","right","complete_area",202.507
"843","F23","f","23","left","complete_area",172.021
"844","F23","f","23","right","complete_area",155.059
"845","F24","f","24","left","complete_area",170.168
"846","F24","f","24","right","complete_area",167.602
"847","F25","f","25","left","complete_area",175.709
"848","F25","f","25","right","complete_area",185.208
"849","F26","f","26","left","complete_area",167.443
"850","F26","f","26","right","complete_area",174.515
"851","F28","f","28","left","complete_area",152.037
"852","F28","f","28","right","complete_area",155.264
"853","M01","m","01","left","complete_area",156.56
"854","M01","m","01","right","complete_area",114.48
"855","M02","m","02","left","complete_area",176.381
"856","M02","m","02","right","complete_area",180.53
"857","M03","m","03","left","complete_area",162.849
"858","M03","m","03","right","complete_area",164.442
"859","M04","m","04","left","complete_area",211.685
"860","M04","m","04","right","complete_area",189.204
"861","M05","m","05","left","complete_area",177.769
"862","M05","m","05","right","complete_area",162.761
"863","M06","m","06","left","complete_area",149.789
"864","M06","m","06","right","complete_area",147.149
"865","M07","m","07","left","complete_area",92.292
"866","M07","m","07","right","complete_area",108.422
"867","M08","m","08","left","complete_area",154.992
"868","M08","m","08","right","complete_area",159.519
"869","M09","m","09","left","complete_area",163.11
"870","M09","m","09","right","complete_area",178.627
"871","M10","m","10","left","complete_area",223.443
"872","M10","m","10","right","complete_area",218.737
"873","M11","m","11","left","complete_area",124.576
"874","M11","m","11","right","complete_area",137.593
"875","M12","m","12","left","complete_area",214.724
"876","M12","m","12","right","complete_area",210.741
"877","M13","m","13","left","complete_area",147.102
"878","M13","m","13","right","complete_area",155.949
"879","M14","m","14","left","complete_area",186.243
"880","M14","m","14","right","complete_area",194.813
"881","F01","f","01","left","eye_opening_area",161.237
"882","F01","f","01","right","eye_opening_area",151.066
"883","F02","f","02","left","eye_opening_area",159.191
"884","F02","f","02","right","eye_opening_area",149.062
"885","F03","f","03","left","eye_opening_area",154.739
"886","F03","f","03","right","eye_opening_area",153.838
"887","F04","f","04","left","eye_opening_area",134.505
"888","F04","f","04","right","eye_opening_area",134.734
"889","F05","f","05","left","eye_opening_area",149.681
"890","F05","f","05","right","eye_opening_area",157.074
"891","F07","f","07","left","eye_opening_area",130.764
"892","F07","f","07","right","eye_opening_area",145.95
"893","F08","f","08","left","eye_opening_area",140.424
"894","F08","f","08","right","eye_opening_area",152.329
"895","F09","f","09","left","eye_opening_area",189.899
"896","F09","f","09","right","eye_opening_area",184.115
"897","F10","f","10","left","eye_opening_area",176.093
"898","F10","f","10","right","eye_opening_area",160.101
"899","F11","f","11","left","eye_opening_area",112.916
"900","F11","f","11","right","eye_opening_area",118.635
"901","F12","f","12","left","eye_opening_area",146.411
"902","F12","f","12","right","eye_opening_area",142.306
"903","F13","f","13","left","eye_opening_area",174.109
"904","F13","f","13","right","eye_opening_area",162.115
"905","F14","f","14","left","eye_opening_area",119.725
"906","F14","f","14","right","eye_opening_area",105.679
"907","F15","f","15","left","eye_opening_area",162.735
"908","F15","f","15","right","eye_opening_area",166.778
"909","F16","f","16","left","eye_opening_area",176.764
"910","F16","f","16","right","eye_opening_area",179.461
"911","F17","f","17","left","eye_opening_area",138.61
"912","F17","f","17","right","eye_opening_area",128.942
"913","F18","f","18","left","eye_opening_area",215.847
"914","F18","f","18","right","eye_opening_area",196.293
"915","F19","f","19","left","eye_opening_area",157.679
"916","F19","f","19","right","eye_opening_area",157.498
"917","F20","f","20","left","eye_opening_area",172.689
"918","F20","f","20","right","eye_opening_area",183.934
"919","F21","f","21","left","eye_opening_area",132.523
"920","F21","f","21","right","eye_opening_area",127.881
"921","F22","f","22","left","eye_opening_area",202.325
"922","F22","f","22","right","eye_opening_area",194.01
"923","F23","f","23","left","eye_opening_area",166.58
"924","F23","f","23","right","eye_opening_area",151.645
"925","F24","f","24","left","eye_opening_area",163.465
"926","F24","f","24","right","eye_opening_area",161.123
"927","F25","f","25","left","eye_opening_area",164.37
"928","F25","f","25","right","eye_opening_area",172.377
"929","F26","f","26","left","eye_opening_area",161.877
"930","F26","f","26","right","eye_opening_area",171.495
"931","F28","f","28","left","eye_opening_area",144.758
"932","F28","f","28","right","eye_opening_area",148.395
"933","M01","m","01","left","eye_opening_area",151.241
"934","M01","m","01","right","eye_opening_area",111.5
"935","M02","m","02","left","eye_opening_area",169.151
"936","M02","m","02","right","eye_opening_area",172.887
"937","M03","m","03","left","eye_opening_area",157.018
"938","M03","m","03","right","eye_opening_area",157.903
"939","M04","m","04","left","eye_opening_area",207.228
"940","M04","m","04","right","eye_opening_area",182.544
"941","M05","m","05","left","eye_opening_area",169.172
"942","M05","m","05","right","eye_opening_area",154.137
"943","M06","m","06","left","eye_opening_area",142.704
"944","M06","m","06","right","eye_opening_area",138.121
"945","M07","m","07","left","eye_opening_area",90.01
"946","M07","m","07","right","eye_opening_area",104.987
"947","M08","m","08","left","eye_opening_area",147.123
"948","M08","m","08","right","eye_opening_area",153.135
"949","M09","m","09","left","eye_opening_area",150.719
"950","M09","m","09","right","eye_opening_area",168.041
"951","M10","m","10","left","eye_opening_area",215.297
"952","M10","m","10","right","eye_opening_area",208.753
"953","M11","m","11","left","eye_opening_area",116.421
"954","M11","m","11","right","eye_opening_area",129.186
"955","M12","m","12","left","eye_opening_area",202.776
"956","M12","m","12","right","eye_opening_area",198.672
"957","M13","m","13","left","eye_opening_area",140.891
"958","M13","m","13","right","eye_opening_area",151.023
"959","M14","m","14","left","eye_opening_area",179.299
"960","M14","m","14","right","eye_opening_area",185.138
"961","F01","f","01","left","iris_pupil_area",96.53
"962","F01","f","01","right","iris_pupil_area",94.348
"963","F02","f","02","left","iris_pupil_area",86.992
"964","F02","f","02","right","iris_pupil_area",83.196
"965","F03","f","03","left","iris_pupil_area",85.228
"966","F03","f","03","right","iris_pupil_area",85.487
"967","F04","f","04","left","iris_pupil_area",81.638
"968","F04","f","04","right","iris_pupil_area",83.096
"969","F05","f","05","left","iris_pupil_area",91.708
"970","F05","f","05","right","iris_pupil_area",93.859
"971","F07","f","07","left","iris_pupil_area",82.262
"972","F07","f","07","right","iris_pupil_area",91.832
"973","F08","f","08","left","iris_pupil_area",87.32
"974","F08","f","08","right","iris_pupil_area",94.274
"975","F09","f","09","left","iris_pupil_area",86.288
"976","F09","f","09","right","iris_pupil_area",86.719
"977","F10","f","10","left","iris_pupil_area",87.599
"978","F10","f","10","right","iris_pupil_area",81.377
"979","F11","f","11","left","iris_pupil_area",76.788
"980","F11","f","11","right","iris_pupil_area",80.762
"981","F12","f","12","left","iris_pupil_area",84.709
"982","F12","f","12","right","iris_pupil_area",83.648
"983","F13","f","13","left","iris_pupil_area",91.677
"984","F13","f","13","right","iris_pupil_area",91.942
"985","F14","f","14","left","iris_pupil_area",67.831
"986","F14","f","14","right","iris_pupil_area",66.61
"987","F15","f","15","left","iris_pupil_area",93.993
"988","F15","f","15","right","iris_pupil_area",93.738
"989","F16","f","16","left","iris_pupil_area",93.372
"990","F16","f","16","right","iris_pupil_area",95.179
"991","F17","f","17","left","iris_pupil_area",88.194
"992","F17","f","17","right","iris_pupil_area",84.619
"993","F18","f","18","left","iris_pupil_area",104.263
"994","F18","f","18","right","iris_pupil_area",102.178
"995","F19","f","19","left","iris_pupil_area",92.341
"996","F19","f","19","right","iris_pupil_area",93.596
"997","F20","f","20","left","iris_pupil_area",88.535
"998","F20","f","20","right","iris_pupil_area",89.619
"999","F21","f","21","left","iris_pupil_area",78.034
"1000","F21","f","21","right","iris_pupil_area",75.721
"1001","F22","f","22","left","iris_pupil_area",104.676
"1002","F22","f","22","right","iris_pupil_area",101.202
"1003","F23","f","23","left","iris_pupil_area",92.568
"1004","F23","f","23","right","iris_pupil_area",88.864
"1005","F24","f","24","left","iris_pupil_area",89.104
"1006","F24","f","24","right","iris_pupil_area",85.641
"1007","F25","f","25","left","iris_pupil_area",86.719
"1008","F25","f","25","right","iris_pupil_area",92.68
"1009","F26","f","26","left","iris_pupil_area",97.708
"1010","F26","f","26","right","iris_pupil_area",99.581
"1011","F28","f","28","left","iris_pupil_area",82.796
"1012","F28","f","28","right","iris_pupil_area",87.191
"1013","M01","m","01","left","iris_pupil_area",85.52
"1014","M01","m","01","right","iris_pupil_area",72.917
"1015","M02","m","02","left","iris_pupil_area",97.434
"1016","M02","m","02","right","iris_pupil_area",98.257
"1017","M03","m","03","left","iris_pupil_area",86.052
"1018","M03","m","03","right","iris_pupil_area",89.118
"1019","M04","m","04","left","iris_pupil_area",102.998
"1020","M04","m","04","right","iris_pupil_area",99.465
"1021","M05","m","05","left","iris_pupil_area",86.206
"1022","M05","m","05","right","iris_pupil_area",83.517
"1023","M06","m","06","left","iris_pupil_area",81.253
"1024","M06","m","06","right","iris_pupil_area",81.893
"1025","M07","m","07","left","iris_pupil_area",61.49
"1026","M07","m","07","right","iris_pupil_area",67.349
"1027","M08","m","08","left","iris_pupil_area",91.302
"1028","M08","m","08","right","iris_pupil_area",91.382
"1029","M09","m","09","left","iris_pupil_area",88.026
"1030","M09","m","09","right","iris_pupil_area",94.686
"1031","M10","m","10","left","iris_pupil_area",95.897
"1032","M10","m","10","right","iris_pupil_area",97.513
"1033","M11","m","11","left","iris_pupil_area",74.949
"1034","M11","m","11","right","iris_pupil_area",78.07
"1035","M12","m","12","left","iris_pupil_area",92.126
"1036","M12","m","12","right","iris_pupil_area",90.253
"1037","M13","m","13","left","iris_pupil_area",79.775
"1038","M13","m","13","right","iris_pupil_area",86.123
"1039","M14","m","14","left","iris_pupil_area",97.468
"1040","M14","m","14","right","iris_pupil_area",103.703
"1041","F01","f","01","left","sclera_area",64.707
"1042","F01","f","01","right","sclera_area",56.718
"1043","F02","f","02","left","sclera_area",72.199
"1044","F02","f","02","right","sclera_area",65.866
"1045","F03","f","03","left","sclera_area",69.511
"1046","F03","f","03","right","sclera_area",68.351
"1047","F04","f","04","left","sclera_area",52.867
"1048","F04","f","04","right","sclera_area",51.638
"1049","F05","f","05","left","sclera_area",57.973
"1050","F05","f","05","right","sclera_area",63.215
"1051","F07","f","07","left","sclera_area",48.502
"1052","F07","f","07","right","sclera_area",54.118
"1053","F08","f","08","left","sclera_area",53.104
"1054","F08","f","08","right","sclera_area",58.055
"1055","F09","f","09","left","sclera_area",103.611
"1056","F09","f","09","right","sclera_area",97.396
"1057","F10","f","10","left","sclera_area",88.494
"1058","F10","f","10","right","sclera_area",78.724
"1059","F11","f","11","left","sclera_area",36.128
"1060","F11","f","11","right","sclera_area",37.873
"1061","F12","f","12","left","sclera_area",61.702
"1062","F12","f","12","right","sclera_area",58.658
"1063","F13","f","13","left","sclera_area",82.432
"1064","F13","f","13","right","sclera_area",70.173
"1065","F14","f","14","left","sclera_area",51.894
"1066","F14","f","14","right","sclera_area",39.069
"1067","F15","f","15","left","sclera_area",68.742
"1068","F15","f","15","right","sclera_area",73.04
"1069","F16","f","16","left","sclera_area",83.392
"1070","F16","f","16","right","sclera_area",84.282
"1071","F17","f","17","left","sclera_area",50.416
"1072","F17","f","17","right","sclera_area",44.323
"1073","F18","f","18","left","sclera_area",111.584
"1074","F18","f","18","right","sclera_area",94.115
"1075","F19","f","19","left","sclera_area",65.338
"1076","F19","f","19","right","sclera_area",63.902
"1077","F20","f","20","left","sclera_area",84.154
"1078","F20","f","20","right","sclera_area",94.315
"1079","F21","f","21","left","sclera_area",54.489
"1080","F21","f","21","right","sclera_area",52.16
"1081","F22","f","22","left","sclera_area",97.649
"1082","F22","f","22","right","sclera_area",92.808
"1083","F23","f","23","left","sclera_area",74.012
"1084","F23","f","23","right","sclera_area",62.781
"1085","F24","f","24","left","sclera_area",74.361
"1086","F24","f","24","right","sclera_area",75.482
"1087","F25","f","25","left","sclera_area",77.651
"1088","F25","f","25","right","sclera_area",79.697
"1089","F26","f","26","left","sclera_area",64.169
"1090","F26","f","26","right","sclera_area",71.914
"1091","F28","f","28","left","sclera_area",61.962
"1092","F28","f","28","right","sclera_area",61.204
"1093","M01","m","01","left","sclera_area",65.721
"1094","M01","m","01","right","sclera_area",38.583
"1095","M02","m","02","left","sclera_area",71.717
"1096","M02","m","02","right","sclera_area",74.63
"1097","M03","m","03","left","sclera_area",70.966
"1098","M03","m","03","right","sclera_area",68.785
"1099","M04","m","04","left","sclera_area",104.23
"1100","M04","m","04","right","sclera_area",83.079
"1101","M05","m","05","left","sclera_area",82.966
"1102","M05","m","05","right","sclera_area",70.62
"1103","M06","m","06","left","sclera_area",61.451
"1104","M06","m","06","right","sclera_area",56.228
"1105","M07","m","07","left","sclera_area",28.52
"1106","M07","m","07","right","sclera_area",37.638
"1107","M08","m","08","left","sclera_area",55.821
"1108","M08","m","08","right","sclera_area",61.753
"1109","M09","m","09","left","sclera_area",62.693
"1110","M09","m","09","right","sclera_area",73.355
"1111","M10","m","10","left","sclera_area",119.4
"1112","M10","m","10","right","sclera_area",111.24
"1113","M11","m","11","left","sclera_area",41.472
"1114","M11","m","11","right","sclera_area",51.116
"1115","M12","m","12","left","sclera_area",110.65
"1116","M12","m","12","right","sclera_area",108.419
"1117","M13","m","13","left","sclera_area",61.116
"1118","M13","m","13","right","sclera_area",64.9
"1119","M14","m","14","left","sclera_area",81.831
"1120","M14","m","14","right","sclera_area",81.435
"1121","F01","f","01","left","hac",122.255
"1122","F01","f","01","right","hac",122.29
"1123","F02","f","02","left","hac",138.498
"1124","F02","f","02","right","hac",134.319
"1125","F03","f","03","left","hac",127.35
"1126","F03","f","03","right","hac",104
"1127","F04","f","04","left","hac",114.313
"1128","F04","f","04","right","hac",122.398
"1129","F05","f","05","left","hac",134.777
"1130","F05","f","05","right","hac",125.575
"1131","F07","f","07","left","hac",107.59
"1132","F07","f","07","right","hac",106.28
"1133","F08","f","08","left","hac",71.1796
"1134","F08","f","08","right","hac",138.148
"1135","F09","f","09","left","hac",135.546
"1136","F09","f","09","right","hac",119.883
"1137","F10","f","10","left","hac",101.721
"1138","F10","f","10","right","hac",108.365
"1139","F11","f","11","left","hac",103.756
"1140","F11","f","11","right","hac",94.3046
"1141","F12","f","12","left","hac",110.606
"1142","F12","f","12","right","hac",106.913
"1143","F13","f","13","left","hac",129.146
"1144","F13","f","13","right","hac",114.233
"1145","F14","f","14","left","hac",93.8051
"1146","F14","f","14","right","hac",71.0981
"1147","F15","f","15","left","hac",151.833
"1148","F15","f","15","right","hac",141.243
"1149","F16","f","16","left","hac",136.768
"1150","F16","f","16","right","hac",140.011
"1151","F17","f","17","left","hac",116.486
"1152","F17","f","17","right","hac",110.632
"1153","F18","f","18","left","hac",162.21
"1154","F18","f","18","right","hac",140.962
"1155","F19","f","19","left","hac",90.5826
"1156","F19","f","19","right","hac",126.169
"1157","F20","f","20","left","hac",130.646
"1158","F20","f","20","right","hac",132.714
"1159","F21","f","21","left","hac",126.69
"1160","F21","f","21","right","hac",121.503
"1161","F22","f","22","left","hac",122.057
"1162","F22","f","22","right","hac",122.354
"1163","F23","f","23","left","hac",125.68
"1164","F23","f","23","right","hac",117.224
"1165","F24","f","24","left","hac",136.905
"1166","F24","f","24","right","hac",119.519
"1167","F25","f","25","left","hac",118.194
"1168","F25","f","25","right","hac",126.66
"1169","F26","f","26","left","hac",124.433
"1170","F26","f","26","right","hac",122.093
"1171","F28","f","28","left","hac",123.17
"1172","F28","f","28","right","hac",123.823
"1173","M01","m","01","left","hac",140
"1174","M01","m","01","right","hac",122.808
"1175","M02","m","02","left","hac",137.456
"1176","M02","m","02","right","hac",123.939
"1177","M03","m","03","left","hac",113.093
"1178","M03","m","03","right","hac",93.2339
"1179","M04","m","04","left","hac",124.411
"1180","M04","m","04","right","hac",106.746
"1181","M05","m","05","left","hac",120.388
"1182","M05","m","05","right","hac",105.141
"1183","M06","m","06","left","hac",146.46
"1184","M06","m","06","right","hac",123.766
"1185","M07","m","07","left","hac",95
"1186","M07","m","07","right","hac",109.436
"1187","M08","m","08","left","hac",118.181
"1188","M08","m","08","right","hac",107.586
"1189","M09","m","09","left","hac",127.067
"1190","M09","m","09","right","hac",126.834
"1191","M10","m","10","left","hac",126.626
"1192","M10","m","10","right","hac",134.113
"1193","M11","m","11","left","hac",110.825
"1194","M11","m","11","right","hac",113.697
"1195","M12","m","12","left","hac",117.243
"1196","M12","m","12","right","hac",114.528
"1197","M13","m","13","left","hac",116.749
"1198","M13","m","13","right","hac",97.0399
"1199","M14","m","14","left","hac",125.912
"1200","M14","m","14","right","hac",112.661
"1201","F01","f","01","left","hrc",105.292
"1202","F01","f","01","right","hrc",95.8723
"1203","F02","f","02","left","hrc",108.042
"1204","F02","f","02","right","hrc",102.733
"1205","F03","f","03","left","hrc",112.37
"1206","F03","f","03","right","hrc",96.4608
"1207","F04","f","04","left","hrc",111.339
"1208","F04","f","04","right","hrc",105.21
"1209","F05","f","05","left","hrc",116.209
"1210","F05","f","05","right","hrc",109.929
"1211","F07","f","07","left","hrc",112.129
"1212","F07","f","07","right","hrc",107.949
"1213","F08","f","08","left","hrc",112.613
"1214","F08","f","08","right","hrc",106.828
"1215","F09","f","09","left","hrc",114.843
"1216","F09","f","09","right","hrc",98.9091
"1217","F10","f","10","left","hrc",90.7598
"1218","F10","f","10","right","hrc",97.9359
"1219","F11","f","11","left","hrc",101.414
"1220","F11","f","11","right","hrc",81.9687
"1221","F12","f","12","left","hrc",116.186
"1222","F12","f","12","right","hrc",99.125
"1223","F13","f","13","left","hrc",115.661
"1224","F13","f","13","right","hrc",98.5596
"1225","F14","f","14","left","hrc",110.892
"1226","F14","f","14","right","hrc",93.3655
"1227","F15","f","15","left","hrc",123.921
"1228","F15","f","15","right","hrc",115.871
"1229","F16","f","16","left","hrc",109.438
"1230","F16","f","16","right","hrc",111.492
"1231","F17","f","17","left","hrc",98.8687
"1232","F17","f","17","right","hrc",91.2903
"1233","F18","f","18","left","hrc",127.86
"1234","F18","f","18","right","hrc",115.607
"1235","F19","f","19","left","hrc",85.4777
"1236","F19","f","19","right","hrc",100.591
"1237","F20","f","20","left","hrc",114.938
"1238","F20","f","20","right","hrc",103.603
"1239","F21","f","21","left","hrc",107.714
"1240","F21","f","21","right","hrc",111.732
"1241","F22","f","22","left","hrc",102.97
"1242","F22","f","22","right","hrc",98.625
"1243","F23","f","23","left","hrc",122.58
"1244","F23","f","23","right","hrc",124.309
"1245","F24","f","24","left","hrc",130.376
"1246","F24","f","24","right","hrc",121.461
"1247","F25","f","25","left","hrc",118.776
"1248","F25","f","25","right","hrc",115.66
"1249","F26","f","26","left","hrc",102.807
"1250","F26","f","26","right","hrc",77.1543
"1251","F28","f","28","left","hrc",100.884
"1252","F28","f","28","right","hrc",108.5
"1253","M01","m","01","left","hrc",132.411
"1254","M01","m","01","right","hrc",120.148
"1255","M02","m","02","left","hrc",101.16
"1256","M02","m","02","right","hrc",96.1179
"1257","M03","m","03","left","hrc",128.281
"1258","M03","m","03","right","hrc",127.749
"1259","M04","m","04","left","hrc",109.15
"1260","M04","m","04","right","hrc",99.6726
"1261","M05","m","05","left","hrc",129.938
"1262","M05","m","05","right","hrc",107.049
"1263","M06","m","06","left","hrc",106.781
"1264","M06","m","06","right","hrc",106.454
"1265","M07","m","07","left","hrc",100.31
"1266","M07","m","07","right","hrc",107.142
"1267","M08","m","08","left","hrc",97.9363
"1268","M08","m","08","right","hrc",124.162
"1269","M09","m","09","left","hrc",106.058
"1270","M09","m","09","right","hrc",118.316
"1271","M10","m","10","left","hrc",140.762
"1272","M10","m","10","right","hrc",148.838
"1273","M11","m","11","left","hrc",120.756
"1274","M11","m","11","right","hrc",122.381
"1275","M12","m","12","left","hrc",122.47
"1276","M12","m","12","right","hrc",121.724
"1277","M13","m","13","left","hrc",102.106
"1278","M13","m","13","right","hrc",119.464
"1279","M14","m","14","left","hrc",104.208
"1280","M14","m","14","right","hrc",96.3409
"1281","F01","f","01","left","ril",0.0896601536903556
"1282","F01","f","01","right","ril",0.0850049756455245
"1283","F02","f","02","left","ril",0.0251150873537652
"1284","F02","f","02","right","ril",0.0593512332450943
"1285","F03","f","03","left","ril",0.117530888151284
"1286","F03","f","03","right","ril",0.975621190811064
"1287","F04","f","04","left","ril",0.0878966560014043
"1288","F04","f","04","right","ril",0.0571642055477241
"1289","F05","f","05","left","ril",0.0474652456305259
"1290","F05","f","05","right","ril",0.0593351111643795
"1291","F07","f","07","left","ril",0.116920425165182
"1292","F07","f","07","right","ril",0.0678419506205324
"1293","F08","f","08","left","ril",0.233477348794535
"1294","F08","f","08","right","ril",0.0609267831773287
"1295","F09","f","09","left","ril",0.0921049987608592
"1296","F09","f","09","right","ril",0.159777123633305
"1297","F10","f","10","left","ril",0.196465811425683
"1298","F10","f","10","right","ril",0.155726784726496
"1299","F11","f","11","left","ril",0.0822276474542688
"1300","F11","f","11","right","ril",0.0985306671025627
"1301","F12","f","12","left","ril",0.0985435666723718
"1302","F12","f","12","right","ril",0.136600768808347
"1303","F13","f","13","left","ril",0.0697208716009364
"1304","F13","f","13","right","ril",0.0812630190530574
"1305","F14","f","14","left","ril",0.109206486675384
"1306","F14","f","14","right","ril",0.169440917167332
"1307","F15","f","15","left","ril",0.0594790472945768
"1308","F15","f","15","right","ril",0.0633380638486942
"1309","F16","f","16","left","ril",0.0668695290272841
"1310","F16","f","16","right","ril",0.0819432423217143
"1311","F17","f","17","left","ril",0.109284436220159
"1312","F17","f","17","right","ril",0.0899429116693812
"1313","F18","f","18","left","ril",0.0765263133923895
"1314","F18","f","18","right","ril",0.116713036067875
"1315","F19","f","19","left","ril",0.258472717032535
"1316","F19","f","19","right","ril",0.0950048058301175
"1317","F20","f","20","left","ril",0.188282075178627
"1318","F20","f","20","right","ril",0.108476306915129
"1319","F21","f","21","left","ril",0.0613469659924428
"1320","F21","f","21","right","ril",0.0493466864877553
"1321","F22","f","22","left","ril",0.0851397133777058
"1322","F22","f","22","right","ril",0.0781529003141787
"1323","F23","f","23","left","ril",0.0695746161477072
"1324","F23","f","23","right","ril",0.0912868217054264
"1325","F24","f","24","left","ril",0.0785523906956709
"1326","F24","f","24","right","ril",0.0856589858930812
"1327","F25","f","25","left","ril",0.129845175254544
"1328","F25","f","25","right","ril",0.0829447710620058
"1329","F26","f","26","left","ril",0.0650743083835485
"1330","F26","f","26","right","ril",0.0659388579472428
"1331","F28","f","28","left","ril",0.0532667179093005
"1332","F28","f","28","right","ril",0.0695456799771563
"1333","M01","m","01","left","ril",0.065545321051929
"1334","M01","m","01","right","ril",0.0771658513492189
"1335","M02","m","02","left","ril",0.0756277655983107
"1336","M02","m","02","right","ril",0.0676581435760872
"1337","M03","m","03","left","ril",0.0962104018156826
"1338","M03","m","03","right","ril",0.147234275302933
"1339","M04","m","04","left","ril",0.0846074608196601
"1340","M04","m","04","right","ril",0.0788229202623404
"1341","M05","m","05","left","ril",0.0988652354860924
"1342","M05","m","05","right","ril",0.0701164775491072
"1343","M06","m","06","left","ril",0.053625314198205
"1344","M06","m","06","right","ril",0.0766969794176669
"1345","M07","m","07","left","ril",0.102407720427405
"1346","M07","m","07","right","ril",0.108319074390939
"1347","M08","m","08","left","ril",0.0777700609456328
"1348","M08","m","08","right","ril",0.124163532457383
"1349","M09","m","09","left","ril",0.0637562628941939
"1350","M09","m","09","right","ril",0.0838540048973224
"1351","M10","m","10","left","ril",0.0580945580052962
"1352","M10","m","10","right","ril",0.0810968214924391
"1353","M11","m","11","left","ril",0.0900843206318711
"1354","M11","m","11","right","ril",0.0926524455936221
"1355","M12","m","12","left","ril",0.102432190349326
"1356","M12","m","12","right","ril",0.122390804597701
"1357","M13","m","13","left","ril",0.103000268910146
"1358","M13","m","13","right","ril",0.137278940836335
"1359","M14","m","14","left","ril",0.0836965934809661
"1360","M14","m","14","right","ril",0.101450778028569
"1361","F01","f","01","left","iris_centroid_y",43.43
"1362","F01","f","01","right","iris_centroid_y",41.087
"1363","F02","f","02","left","iris_centroid_y",57.209
"1364","F02","f","02","right","iris_centroid_y",57.779
"1365","F03","f","03","left","iris_centroid_y",60.018
"1366","F03","f","03","right","iris_centroid_y",59.736
"1367","F04","f","04","left","iris_centroid_y",57.482
"1368","F04","f","04","right","iris_centroid_y",56.445
"1369","F05","f","05","left","iris_centroid_y",56.091
"1370","F05","f","05","right","iris_centroid_y",54.282
"1371","F07","f","07","left","iris_centroid_y",56.441
"1372","F07","f","07","right","iris_centroid_y",53.6
"1373","F08","f","08","left","iris_centroid_y",54.867
"1374","F08","f","08","right","iris_centroid_y",53.769
"1375","F09","f","09","left","iris_centroid_y",57.039
"1376","F09","f","09","right","iris_centroid_y",57.297
"1377","F10","f","10","left","iris_centroid_y",60.814
"1378","F10","f","10","right","iris_centroid_y",58.515
"1379","F11","f","11","left","iris_centroid_y",63.448
"1380","F11","f","11","right","iris_centroid_y",63.182
"1381","F12","f","12","left","iris_centroid_y",62.327
"1382","F12","f","12","right","iris_centroid_y",60.67
"1383","F13","f","13","left","iris_centroid_y",66.025
"1384","F13","f","13","right","iris_centroid_y",63.978
"1385","F14","f","14","left","iris_centroid_y",61.952
"1386","F14","f","14","right","iris_centroid_y",58.798
"1387","F15","f","15","left","iris_centroid_y",56.938
"1388","F15","f","15","right","iris_centroid_y",56.363
"1389","F16","f","16","left","iris_centroid_y",62.611
"1390","F16","f","16","right","iris_centroid_y",59.864
"1391","F17","f","17","left","iris_centroid_y",58.451
"1392","F17","f","17","right","iris_centroid_y",57.276
"1393","F18","f","18","left","iris_centroid_y",56.266
"1394","F18","f","18","right","iris_centroid_y",57.68
"1395","F19","f","19","left","iris_centroid_y",52.562
"1396","F19","f","19","right","iris_centroid_y",54.157
"1397","F20","f","20","left","iris_centroid_y",54.163
"1398","F20","f","20","right","iris_centroid_y",53.962
"1399","F21","f","21","left","iris_centroid_y",63.327
"1400","F21","f","21","right","iris_centroid_y",64.131
"1401","F22","f","22","left","iris_centroid_y",59.324
"1402","F22","f","22","right","iris_centroid_y",58.571
"1403","F23","f","23","left","iris_centroid_y",61.257
"1404","F23","f","23","right","iris_centroid_y",61.637
"1405","F24","f","24","left","iris_centroid_y",60.789
"1406","F24","f","24","right","iris_centroid_y",60.038
"1407","F25","f","25","left","iris_centroid_y",56.274
"1408","F25","f","25","right","iris_centroid_y",55.142
"1409","F26","f","26","left","iris_centroid_y",58.409
"1410","F26","f","26","right","iris_centroid_y",58.845
"1411","F28","f","28","left","iris_centroid_y",62.995
"1412","F28","f","28","right","iris_centroid_y",61.043
"1413","M01","m","01","left","iris_centroid_y",55.531
"1414","M01","m","01","right","iris_centroid_y",55.591
"1415","M02","m","02","left","iris_centroid_y",49.652
"1416","M02","m","02","right","iris_centroid_y",52.379
"1417","M03","m","03","left","iris_centroid_y",55.99
"1418","M03","m","03","right","iris_centroid_y",56.418
"1419","M04","m","04","left","iris_centroid_y",56.455
"1420","M04","m","04","right","iris_centroid_y",58.036
"1421","M05","m","05","left","iris_centroid_y",51.432
"1422","M05","m","05","right","iris_centroid_y",53.307
"1423","M06","m","06","left","iris_centroid_y",54.791
"1424","M06","m","06","right","iris_centroid_y",52.815
"1425","M07","m","07","left","iris_centroid_y",57.621
"1426","M07","m","07","right","iris_centroid_y",57.883
"1427","M08","m","08","left","iris_centroid_y",56.223
"1428","M08","m","08","right","iris_centroid_y",59.504
"1429","M09","m","09","left","iris_centroid_y",61.214
"1430","M09","m","09","right","iris_centroid_y",65.472
"1431","M10","m","10","left","iris_centroid_y",54.994
"1432","M10","m","10","right","iris_centroid_y",53.412
"1433","M11","m","11","left","iris_centroid_y",55.583
"1434","M11","m","11","right","iris_centroid_y",54.039
"1435","M12","m","12","left","iris_centroid_y",54.041
"1436","M12","m","12","right","iris_centroid_y",53.532
"1437","M13","m","13","left","iris_centroid_y",55.315
"1438","M13","m","13","right","iris_centroid_y",55.997
"1439","M14","m","14","left","iris_centroid_y",59.468
"1440","M14","m","14","right","iris_centroid_y",64.566
"1441","F01","f","01","left","luminance_slope_abs",17.2886557117403
"1442","F01","f","01","right","luminance_slope_abs",13.8575378478832
"1443","F02","f","02","left","luminance_slope_abs",18.2690937870993
"1444","F02","f","02","right","luminance_slope_abs",21.0947953638848
"1445","F03","f","03","left","luminance_slope_abs",18.0203763973397
"1446","F03","f","03","right","luminance_slope_abs",0.086522462562396
"1447","F04","f","04","left","luminance_slope_abs",13.425370242052
"1448","F04","f","04","right","luminance_slope_abs",12.1695815146604
"1449","F05","f","05","left","luminance_slope_abs",21.6679796144756
"1450","F05","f","05","right","luminance_slope_abs",17.8234333972039
"1451","F07","f","07","left","luminance_slope_abs",64.5682050051012
"1452","F07","f","07","right","luminance_slope_abs",8.89275643653828
"1453","F08","f","08","left","luminance_slope_abs",9.86399855877829
"1454","F08","f","08","right","luminance_slope_abs",20.0659433236016
"1455","F09","f","09","left","luminance_slope_abs",21.219844388434
"1456","F09","f","09","right","luminance_slope_abs",17.0336743393009
"1457","F10","f","10","left","luminance_slope_abs",15.5043592244848
"1458","F10","f","10","right","luminance_slope_abs",15.586255501539
"1459","F11","f","11","left","luminance_slope_abs",14.1007311570765
"1460","F11","f","11","right","luminance_slope_abs",13.2062625159294
"1461","F12","f","12","left","luminance_slope_abs",12.8137815982761
"1462","F12","f","12","right","luminance_slope_abs",11.1848891585676
"1463","F13","f","13","left","luminance_slope_abs",14.2152999449642
"1464","F13","f","13","right","luminance_slope_abs",14.6266917630187
"1465","F14","f","14","left","luminance_slope_abs",21.3237025755268
"1466","F14","f","14","right","luminance_slope_abs",8.86112218954085
"1467","F15","f","15","left","luminance_slope_abs",21.263934793569
"1468","F15","f","15","right","luminance_slope_abs",20.3987521843994
"1469","F16","f","16","left","luminance_slope_abs",15.6111814996176
"1470","F16","f","16","right","luminance_slope_abs",19.3945228629608
"1471","F17","f","17","left","luminance_slope_abs",16.3418021632693
"1472","F17","f","17","right","luminance_slope_abs",14.3044439559871
"1473","F18","f","18","left","luminance_slope_abs",19.6392033416066
"1474","F18","f","18","right","luminance_slope_abs",19.9051075306777
"1475","F19","f","19","left","luminance_slope_abs",11.9432783081061
"1476","F19","f","19","right","luminance_slope_abs",18.7280499933204
"1477","F20","f","20","left","luminance_slope_abs",19.7299787063745
"1478","F20","f","20","right","luminance_slope_abs",20.2626074476694
"1479","F21","f","21","left","luminance_slope_abs",14.9423253839077
"1480","F21","f","21","right","luminance_slope_abs",19.4935023263276
"1481","F22","f","22","left","luminance_slope_abs",16.7020621519178
"1482","F22","f","22","right","luminance_slope_abs",17.2838355158142
"1483","F23","f","23","left","luminance_slope_abs",14.992961610956
"1484","F23","f","23","right","luminance_slope_abs",17.367033097277
"1485","F24","f","24","left","luminance_slope_abs",19.5665223170261
"1486","F24","f","24","right","luminance_slope_abs",10.3641172389872
"1487","F25","f","25","left","luminance_slope_abs",13.658993204826
"1488","F25","f","25","right","luminance_slope_abs",13.899741012247
"1489","F26","f","26","left","luminance_slope_abs",12.745495703121
"1490","F26","f","26","right","luminance_slope_abs",13.3279116224743
"1491","F28","f","28","left","luminance_slope_abs",13.6399375422199
"1492","F28","f","28","right","luminance_slope_abs",18.0334386787644
"1493","M01","m","01","left","luminance_slope_abs",20.2886789171642
"1494","M01","m","01","right","luminance_slope_abs",24.5160002395544
"1495","M02","m","02","left","luminance_slope_abs",18.5944834489942
"1496","M02","m","02","right","luminance_slope_abs",16.7335889611968
"1497","M03","m","03","left","luminance_slope_abs",15.8004079579747
"1498","M03","m","03","right","luminance_slope_abs",12.3299169487939
"1499","M04","m","04","left","luminance_slope_abs",17.1320177914871
"1500","M04","m","04","right","luminance_slope_abs",14.3597401025062
"1501","M05","m","05","left","luminance_slope_abs",10.7335948644793
"1502","M05","m","05","right","luminance_slope_abs",14.2544739696312
"1503","M06","m","06","left","luminance_slope_abs",20.3041603704269
"1504","M06","m","06","right","luminance_slope_abs",15.3780969657812
"1505","M07","m","07","left","luminance_slope_abs",10.9116386984138
"1506","M07","m","07","right","luminance_slope_abs",15.9165745534935
"1507","M08","m","08","left","luminance_slope_abs",17.0174377582905
"1508","M08","m","08","right","luminance_slope_abs",15.3014464308572
"1509","M09","m","09","left","luminance_slope_abs",12.765292693463
"1510","M09","m","09","right","luminance_slope_abs",15.3210765365288
"1511","M10","m","10","left","luminance_slope_abs",17.2630229990048
"1512","M10","m","10","right","luminance_slope_abs",12.9016835016835
"1513","M11","m","11","left","luminance_slope_abs",15.0446622502172
"1514","M11","m","11","right","luminance_slope_abs",12.0486409155937
"1515","M12","m","12","left","luminance_slope_abs",16.8921002204389
"1516","M12","m","12","right","luminance_slope_abs",11.9737791299439
"1517","M13","m","13","left","luminance_slope_abs",15.7210185422081
"1518","M13","m","13","right","luminance_slope_abs",12.5115910263022
"1519","M14","m","14","left","luminance_slope_abs",16.4234471604101
"1520","M14","m","14","right","luminance_slope_abs",15.5388052908156
"1521","F01","f","01","left","whr",2.80515654322455
"1522","F01","f","01","right","whr",2.74061953999943
"1523","F02","f","02","left","whr",3.05151417178575
"1524","F02","f","02","right","whr",3.30291062488589
"1525","F03","f","03","left","whr",2.67100309497413
"1526","F03","f","03","right","whr",2.5591141517997
"1527","F04","f","04","left","whr",3.19710074308686
"1528","F04","f","04","right","whr",3.12254132135027
"1529","F05","f","05","left","whr",2.76316256173519
"1530","F05","f","05","right","whr",2.73510885835816
"1531","F07","f","07","left","whr",3.03715105141351
"1532","F07","f","07","right","whr",2.75023744089237
"1533","F08","f","08","left","whr",3.42523307906526
"1534","F08","f","08","right","whr",3.23871909092784
"1535","F09","f","09","left","whr",2.70983644338175
"1536","F09","f","09","right","whr",2.88134085905059
"1537","F10","f","10","left","whr",2.58996481661923
"1538","F10","f","10","right","whr",3.02014719167804
"1539","F11","f","11","left","whr",3.05261745883087
"1540","F11","f","11","right","whr",2.97276502198339
"1541","F12","f","12","left","whr",3.01796066840968
"1542","F12","f","12","right","whr",2.97312326227989
"1543","F13","f","13","left","whr",2.68176250106829
"1544","F13","f","13","right","whr",2.61997807189286
"1545","F14","f","14","left","whr",3.96723868954758
"1546","F14","f","14","right","whr",3.81918573853256
"1547","F15","f","15","left","whr",2.71854506693032
"1548","F15","f","15","right","whr",2.66782069835615
"1549","F16","f","16","left","whr",2.56817296455006
"1550","F16","f","16","right","whr",2.57908725423802
"1551","F17","f","17","left","whr",3.13389003781476
"1552","F17","f","17","right","whr",3.23332010180494
"1553","F18","f","18","left","whr",2.58995368721055
"1554","F18","f","18","right","whr",2.67325329854517
"1555","F19","f","19","left","whr",2.48436103663986
"1556","F19","f","19","right","whr",2.69501250922443
"1557","F20","f","20","left","whr",2.88789961742745
"1558","F20","f","20","right","whr",2.76647815912636
"1559","F21","f","21","left","whr",2.5712331889674
"1560","F21","f","21","right","whr",2.88227983035086
"1561","F22","f","22","left","whr",2.42362486771051
"1562","F22","f","22","right","whr",2.44048233365711
"1563","F23","f","23","left","whr",2.84103403083797
"1564","F23","f","23","right","whr",2.92898121682319
"1565","F24","f","24","left","whr",2.76927893144109
"1566","F24","f","24","right","whr",2.9613605453778
"1567","F25","f","25","left","whr",2.88481965682269
"1568","F25","f","25","right","whr",2.90861117969282
"1569","F26","f","26","left","whr",2.45318226744969
"1570","F26","f","26","right","whr",2.40004249878948
"1571","F28","f","28","left","whr",3.16072129076301
"1572","F28","f","28","right","whr",3.01623115474251
"1573","M01","m","01","left","whr",3.30315094983506
"1574","M01","m","01","right","whr",3.80097012404073
"1575","M02","m","02","left","whr",2.98388077034743
"1576","M02","m","02","right","whr",2.93348742807438
"1577","M03","m","03","left","whr",3.03356899891701
"1578","M03","m","03","right","whr",2.89170979481764
"1579","M04","m","04","left","whr",2.48287131747582
"1580","M04","m","04","right","whr",2.67253510335074
"1581","M05","m","05","left","whr",2.97375705901893
"1582","M05","m","05","right","whr",3.16875568613135
"1583","M06","m","06","left","whr",3.35264248192436
"1584","M06","m","06","right","whr",3.3880036519612
"1585","M07","m","07","left","whr",4.03047917586013
"1586","M07","m","07","right","whr",3.80779720928203
"1587","M08","m","08","left","whr",2.80268003399308
"1588","M08","m","08","right","whr",2.77444341412372
"1589","M09","m","09","left","whr",2.94603249475891
"1590","M09","m","09","right","whr",2.58872389538159
"1591","M10","m","10","left","whr",2.80326344478686
"1592","M10","m","10","right","whr",2.77136537430537
"1593","M11","m","11","left","whr",3.46847646834961
"1594","M11","m","11","right","whr",3.35827231439429
"1595","M12","m","12","left","whr",2.93979209759485
"1596","M12","m","12","right","whr",2.9913357509141
"1597","M13","m","13","left","whr",3.5316356187644
"1598","M13","m","13","right","whr",3.00905868763746
"1599","M14","m","14","left","whr",2.90895937336656
"1600","M14","m","14","right","whr",2.81473459694797
"1601","F01","f","01","left","ssi",1.98025698322172
"1602","F01","f","01","right","ssi",2.5294201176874
"1603","F02","f","02","left","ssi",2.24382654754245
"1604","F02","f","02","right","ssi",2.85213256174253
"1605","F03","f","03","left","ssi",1.98200796700254
"1606","F03","f","03","right","ssi",2.22913852229035
"1607","F04","f","04","left","ssi",1.96742624043625
"1608","F04","f","04","right","ssi",2.72350553615662
"1609","F05","f","05","left","ssi",1.95310760686186
"1610","F05","f","05","right","ssi",2.44053880027484
"1611","F07","f","07","left","ssi",1.85030309847689
"1612","F07","f","07","right","ssi",2.522480067703
"1613","F08","f","08","left","ssi",2.04132630765349
"1614","F08","f","08","right","ssi",2.89332927919546
"1615","F09","f","09","left","ssi",2.15401594494724
"1616","F09","f","09","right","ssi",2.48891437619811
"1617","F10","f","10","left","ssi",2.02334376100457
"1618","F10","f","10","right","ssi",2.72664792442935
"1619","F11","f","11","left","ssi",1.86995746060341
"1620","F11","f","11","right","ssi",2.73770508503929
"1621","F12","f","12","left","ssi",2.02432213353405
"1622","F12","f","12","right","ssi",2.70933734939759
"1623","F13","f","13","left","ssi",2.05689027108964
"1624","F13","f","13","right","ssi",2.37842007817322
"1625","F14","f","14","left","ssi",2.24374854854369
"1626","F14","f","14","right","ssi",3.30794701986755
"1627","F15","f","15","left","ssi",2.05092675472017
"1628","F15","f","15","right","ssi",2.36045897757905
"1629","F16","f","16","left","ssi",2.15686122321294
"1630","F16","f","16","right","ssi",2.4041129110486
"1631","F17","f","17","left","ssi",1.9006923810175
"1632","F17","f","17","right","ssi",2.92259027498708
"1633","F18","f","18","left","ssi",2.19073982523188
"1634","F18","f","18","right","ssi",2.52828671682401
"1635","F19","f","19","left","ssi",1.89354236052071
"1636","F19","f","19","right","ssi",2.3356423390285
"1637","F20","f","20","left","ssi",2.08981720305131
"1638","F20","f","20","right","ssi",2.47506362300892
"1639","F21","f","21","left","ssi",1.92828213444634
"1640","F21","f","21","right","ssi",2.54561740308804
"1641","F22","f","22","left","ssi",2.12583208195768
"1642","F22","f","22","right","ssi",2.20883738088508
"1643","F23","f","23","left","ssi",2.0526501427523
"1644","F23","f","23","right","ssi",2.69458812963618
"1645","F24","f","24","left","ssi",2.06642721749969
"1646","F24","f","24","right","ssi",2.59664494069879
"1647","F25","f","25","left","ssi",2.03560632018954
"1648","F25","f","25","right","ssi",2.473980875692
"1649","F26","f","26","left","ssi",1.86869034424631
"1650","F26","f","26","right","ssi",2.27912360394471
"1651","F28","f","28","left","ssi",2.087198904534
"1652","F28","f","28","right","ssi",2.62984151359652
"1653","M01","m","01","left","ssi",2.17544489852399
"1654","M01","m","01","right","ssi",3.25055837846893
"1655","M02","m","02","left","ssi",2.03960319269226
"1656","M02","m","02","right","ssi",2.56384169242955
"1657","M03","m","03","left","ssi",2.06135619095208
"1658","M03","m","03","right","ssi",2.64038434584897
"1659","M04","m","04","left","ssi",2.07993077669114
"1660","M04","m","04","right","ssi",2.42817865636556
"1661","M05","m","05","left","ssi",2.07864814388517
"1662","M05","m","05","right","ssi",2.79105262220005
"1663","M06","m","06","left","ssi",2.03893133806573
"1664","M06","m","06","right","ssi",3.08048933064572
"1665","M07","m","07","left","ssi",1.75883569709254
"1666","M07","m","07","right","ssi",3.33686910631498
"1667","M08","m","08","left","ssi",1.81638673069885
"1668","M08","m","08","right","ssi",2.45941972756536
"1669","M09","m","09","left","ssi",1.93525279968058
"1670","M09","m","09","right","ssi",2.24436582648827
"1671","M10","m","10","left","ssi",2.22628102609049
"1672","M10","m","10","right","ssi",2.43940102712681
"1673","M11","m","11","left","ssi",1.77267799810645
"1674","M11","m","11","right","ssi",2.9407463558693
"1675","M12","m","12","left","ssi",2.25611016298181
"1676","M12","m","12","right","ssi",2.62343507954911
"1677","M13","m","13","left","ssi",2.11803490925259
"1678","M13","m","13","right","ssi",2.73549527199817
"1679","M14","m","14","left","ssi",2.15465011299576
"1680","M14","m","14","right","ssi",2.50509376959768
"1681","F01","f","01","left","ssi_alt",2.05963560470058
"1682","F01","f","01","right","ssi_alt",2.04547190767772
"1683","F02","f","02","left","ssi_alt",2.29683567610626
"1684","F02","f","02","right","ssi_alt",2.21173622720367
"1685","F03","f","03","left","ssi_alt",2.08805535712775
"1686","F03","f","03","right","ssi_alt",1.94644919104238
"1687","F04","f","04","left","ssi_alt",2.04837599700776
"1688","F04","f","04","right","ssi_alt",1.98353057216402
"1689","F05","f","05","left","ssi_alt",2.01853622418553
"1690","F05","f","05","right","ssi_alt",2.05819708025853
"1691","F07","f","07","left","ssi_alt",2.04197034262107
"1692","F07","f","07","right","ssi_alt",2.00343007797779
"1693","F08","f","08","left","ssi_alt",2.1525314067802
"1694","F08","f","08","right","ssi_alt",2.06460173117568
"1695","F09","f","09","left","ssi_alt",2.398015850447
"1696","F09","f","09","right","ssi_alt",2.33847877187178
"1697","F10","f","10","left","ssi_alt",2.2035421149034
"1698","F10","f","10","right","ssi_alt",2.47355212014448
"1699","F11","f","11","left","ssi_alt",1.94401128277519
"1700","F11","f","11","right","ssi_alt",1.94333804260269
"1701","F12","f","12","left","ssi_alt",2.2318716847281
"1702","F12","f","12","right","ssi_alt",2.14438211310013
"1703","F13","f","13","left","ssi_alt",2.0570896387929
"1704","F13","f","13","right","ssi_alt",2.02349449041929
"1705","F14","f","14","left","ssi_alt",2.40780687205828
"1706","F14","f","14","right","ssi_alt",2.12000257159041
"1707","F15","f","15","left","ssi_alt",2.15172215854033
"1708","F15","f","15","right","ssi_alt",2.15629257283168
"1709","F16","f","16","left","ssi_alt",2.23310693275685
"1710","F16","f","16","right","ssi_alt",2.21286356419198
"1711","F17","f","17","left","ssi_alt",1.97390468313123
"1712","F17","f","17","right","ssi_alt",1.96366866590205
"1713","F18","f","18","left","ssi_alt",2.35050955521247
"1714","F18","f","18","right","ssi_alt",2.38715704047679
"1715","F19","f","19","left","ssi_alt",1.94812063622654
"1716","F19","f","19","right","ssi_alt",2.03328744860508
"1717","F20","f","20","left","ssi_alt",2.25446945641841
"1718","F20","f","20","right","ssi_alt",2.41834197644688
"1719","F21","f","21","left","ssi_alt",1.93979734358582
"1720","F21","f","21","right","ssi_alt",2.06565728603105
"1721","F22","f","22","left","ssi_alt",2.20238746193432
"1722","F22","f","22","right","ssi_alt",2.1299572337988
"1723","F23","f","23","left","ssi_alt",2.13261095246249
"1724","F23","f","23","right","ssi_alt",2.08570141439413
"1725","F24","f","24","left","ssi_alt",2.20559660502526
"1726","F24","f","24","right","ssi_alt",2.35605880096673
"1727","F25","f","25","left","ssi_alt",2.11076191056213
"1728","F25","f","25","right","ssi_alt",2.10685740965664
"1729","F26","f","26","left","ssi_alt",1.87948748268787
"1730","F26","f","26","right","ssi_alt",2.00345767362497
"1731","F28","f","28","left","ssi_alt",2.21653097039135
"1732","F28","f","28","right","ssi_alt",2.20918991220163
"1733","M01","m","01","left","ssi_alt",2.31392460193159
"1734","M01","m","01","right","ssi_alt",2.08632244938053
"1735","M02","m","02","left","ssi_alt",2.10214726146069
"1736","M02","m","02","right","ssi_alt",2.07099149323245
"1737","M03","m","03","left","ssi_alt",2.23181789391983
"1738","M03","m","03","right","ssi_alt",2.14524364427925
"1739","M04","m","04","left","ssi_alt",2.15539052580289
"1740","M04","m","04","right","ssi_alt",2.07620014604136
"1741","M05","m","05","left","ssi_alt",2.2447115649931
"1742","M05","m","05","right","ssi_alt",2.15985760825127
"1743","M06","m","06","left","ssi_alt",2.08677346031163
"1744","M06","m","06","right","ssi_alt",2.13085388437061
"1745","M07","m","07","left","ssi_alt",1.87975870285524
"1746","M07","m","07","right","ssi_alt",1.99240039733651
"1747","M08","m","08","left","ssi_alt",1.89669673312687
"1748","M08","m","08","right","ssi_alt",2.04361059838804
"1749","M09","m","09","left","ssi_alt",2.02379396275374
"1750","M09","m","09","right","ssi_alt",1.96809186411804
"1751","M10","m","10","left","ssi_alt",2.32436613869414
"1752","M10","m","10","right","ssi_alt",2.22917785182172
"1753","M11","m","11","left","ssi_alt",1.86104779302337
"1754","M11","m","11","right","ssi_alt",1.95392289987221
"1755","M12","m","12","left","ssi_alt",2.5391014148995
"1756","M12","m","12","right","ssi_alt",2.42314853044597
"1757","M13","m","13","left","ssi_alt",2.24734157974155
"1758","M13","m","13","right","ssi_alt",2.15203175752751
"1759","M14","m","14","left","ssi_alt",2.24196912878216
"1760","M14","m","14","right","ssi_alt",2.05301734798841
"1761","F01","f","01","left","ssr",0.401316075094426
"1762","F01","f","01","right","ssr",0.375451789284154
"1763","F02","f","02","left","ssr",0.453536946184144
"1764","F02","f","02","right","ssr",0.441869825978452
"1765","F03","f","03","left","ssr",0.449214483743594
"1766","F03","f","03","right","ssr",0.444305048167553
"1767","F04","f","04","left","ssr",0.39304858555444
"1768","F04","f","04","right","ssr",0.383258865616697
"1769","F05","f","05","left","ssr",0.387310346670586
"1770","F05","f","05","right","ssr",0.402453620586475
"1771","F07","f","07","left","ssr",0.370912483558166
"1772","F07","f","07","right","ssr",0.370798218568003
"1773","F08","f","08","left","ssr",0.378168973964565
"1774","F08","f","08","right","ssr",0.381115874193358
"1775","F09","f","09","left","ssr",0.54561108799941
"1776","F09","f","09","right","ssr",0.528995464791027
"1777","F10","f","10","left","ssr",0.502541270805767
"1778","F10","f","10","right","ssr",0.491714605155496
"1779","F11","f","11","left","ssr",0.319954656558858
"1780","F11","f","11","right","ssr",0.319239684747334
"1781","F12","f","12","left","ssr",0.421430083805179
"1782","F12","f","12","right","ssr",0.412196253144632
"1783","F13","f","13","left","ssr",0.473450539604501
"1784","F13","f","13","right","ssr",0.432859389939241
"1785","F14","f","14","left","ssr",0.43344330757987
"1786","F14","f","14","right","ssr",0.369695019824185
"1787","F15","f","15","left","ssr",0.422416812609457
"1788","F15","f","15","right","ssr",0.437947451102663
"1789","F16","f","16","left","ssr",0.471770269964472
"1790","F16","f","16","right","ssr",0.469639643153666
"1791","F17","f","17","left","ssr",0.36372556092634
"1792","F17","f","17","right","ssr",0.343743698717253
"1793","F18","f","18","left","ssr",0.516958771722563
"1794","F18","f","18","right","ssr",0.479461824924985
"1795","F19","f","19","left","ssr",0.414373505666576
"1796","F19","f","19","right","ssr",0.405732136281096
"1797","F20","f","20","left","ssr",0.487315347242731
"1798","F20","f","20","right","ssr",0.512765448476084
"1799","F21","f","21","left","ssr",0.411166363574625
"1800","F21","f","21","right","ssr",0.40787920019393
"1801","F22","f","22","left","ssr",0.482634375386136
"1802","F22","f","22","right","ssr",0.478367094479666
"1803","F23","f","23","left","ssr",0.444303037579541
"1804","F23","f","23","right","ssr",0.413999802169541
"1805","F24","f","24","left","ssr",0.45490471966476
"1806","F24","f","24","right","ssr",0.468474395337723
"1807","F25","f","25","left","ssr",0.472415890977672
"1808","F25","f","25","right","ssr",0.462341263625658
"1809","F26","f","26","left","ssr",0.396405913131575
"1810","F26","f","26","right","ssr",0.419335840695064
"1811","F28","f","28","left","ssr",0.428038519460064
"1812","F28","f","28","right","ssr",0.412439772229523
"1813","M01","m","01","left","ssr",0.434544865479599
"1814","M01","m","01","right","ssr",0.346035874439462
"1815","M02","m","02","left","ssr",0.423982122482279
"1816","M02","m","02","right","ssr",0.431669240602243
"1817","M03","m","03","left","ssr",0.451960921677769
"1818","M03","m","03","right","ssr",0.435615536120276
"1819","M04","m","04","left","ssr",0.502972571274152
"1820","M04","m","04","right","ssr",0.455117670260321
"1821","M05","m","05","left","ssr",0.490423947225309
"1822","M05","m","05","right","ssr",0.458163841258102
"1823","M06","m","06","left","ssr",0.430618623164032
"1824","M06","m","06","right","ssr",0.407092332085635
"1825","M07","m","07","left","ssr",0.31685368292412
"1826","M07","m","07","right","ssr",0.358501528760704
"1827","M08","m","08","left","ssr",0.379417222324178
"1828","M08","m","08","right","ssr",0.403258562706109
"1829","M09","m","09","left","ssr",0.415959500792866
"1830","M09","m","09","right","ssr",0.436530370564327
"1831","M10","m","10","left","ssr",0.554582739192836
"1832","M10","m","10","right","ssr",0.532878569409781
"1833","M11","m","11","left","ssr",0.356224392506507
"1834","M11","m","11","right","ssr",0.395677550198938
"1835","M12","m","12","left","ssr",0.545676016885628
"1836","M12","m","12","right","ssr",0.545718571313522
"1837","M13","m","13","left","ssr",0.433782143642958
"1838","M13","m","13","right","ssr",0.429735868046589
"1839","M14","m","14","left","ssr",0.456394068009303
"1840","M14","m","14","right","ssr",0.439861076602318
