"","looker_id","names_x","X","names_y","Y"
"1",1,"width_left_x1",4294.751,"width_left_y1",3149.631
"2",2,"width_left_x1",4634.176,"width_left_y1",4257.096
"3",3,"width_left_x1",4749.279,"width_left_y1",4417.033
"4",4,"width_left_x1",4659.181,"width_left_y1",4200.004
"5",5,"width_left_x1",4802.392,"width_left_y1",4135.188
"6",6,"width_left_x1",4605.115,"width_left_y1",4069.078
"7",7,"width_left_x1",5199.003,"width_left_y1",3965.328
"8",8,"width_left_x1",5041.789,"width_left_y1",4178.71
"9",9,"width_left_x1",4675.211,"width_left_y1",4394.989
"10",10,"width_left_x1",4935.025,"width_left_y1",4549.803
"11",11,"width_left_x1",4551.066,"width_left_y1",4463.101
"12",12,"width_left_x1",4721.263,"width_left_y1",4721.282
"13",13,"width_left_x1",4660.118,"width_left_y1",4417.572
"14",14,"width_left_x1",5053.039,"width_left_y1",4070.612
"15",15,"width_left_x1",4729.382,"width_left_y1",4508.583
"16",16,"width_left_x1",4655.461,"width_left_y1",4208.953
"17",17,"width_left_x1",4734.381,"width_left_y1",4150.404
"18",18,"width_left_x1",4923.47,"width_left_y1",3845.673
"19",19,"width_left_x1",5086.021,"width_left_y1",3983.176
"20",20,"width_left_x1",4842.952,"width_left_y1",4565.51
"21",21,"width_left_x1",4920.39,"width_left_y1",4329.22
"22",22,"width_left_x1",4872.068,"width_left_y1",4357.531
"23",23,"width_left_x1",4906.038,"width_left_y1",4464.855
"24",24,"width_left_x1",4733.221,"width_left_y1",4113.786
"25",25,"width_left_x1",4715.576,"width_left_y1",4218.373
"26",26,"width_left_x1",5011.002,"width_left_y1",4635.24
"27",27,"width_left_x1",4514.192,"width_left_y1",4081.361
"28",28,"width_left_x1",4835.668,"width_left_y1",3561.802
"29",29,"width_left_x1",5240.097,"width_left_y1",4003.614
"30",30,"width_left_x1",5038.193,"width_left_y1",4083.931
"31",31,"width_left_x1",4787.411,"width_left_y1",3782.762
"32",32,"width_left_x1",4520.038,"width_left_y1",3888.359
"33",33,"width_left_x1",4754.22,"width_left_y1",4000.069
"34",34,"width_left_x1",5199.32,"width_left_y1",4128.914
"35",35,"width_left_x1",4447.897,"width_left_y1",4510.41
"36",36,"width_left_x1",4742.034,"width_left_y1",3875.125
"37",37,"width_left_x1",4959.701,"width_left_y1",3956.837
"38",38,"width_left_x1",4640.842,"width_left_y1",3893.727
"39",39,"width_left_x1",4728.036,"width_left_y1",3903.839
"40",40,"width_left_x1",4895.733,"width_left_y1",4361.002
"41",1,"width_left_x2",2429.765,"width_left_y2",3083.82
"42",2,"width_left_x2",2650.981,"width_left_y2",4043.42
"43",3,"width_left_x2",2961.08,"width_left_y2",4207.43
"44",4,"width_left_x2",2822.124,"width_left_y2",4060.758
"45",5,"width_left_x2",2990.697,"width_left_y2",4021.808
"46",6,"width_left_x2",2867.939,"width_left_y2",4058.677
"47",7,"width_left_x2",3235.065,"width_left_y2",3888.368
"48",8,"width_left_x2",3107.054,"width_left_y2",4095.203
"49",9,"width_left_x2",2819.833,"width_left_y2",4264.953
"50",10,"width_left_x2",3270.685,"width_left_y2",4483.492
"51",11,"width_left_x2",2717.877,"width_left_y2",4400.112
"52",12,"width_left_x2",2892.342,"width_left_y2",4494.026
"53",13,"width_left_x2",2746.221,"width_left_y2",4284.026
"54",14,"width_left_x2",3176.254,"width_left_y2",4071.731
"55",15,"width_left_x2",2899.717,"width_left_y2",4404.43
"56",16,"width_left_x2",2836.809,"width_left_y2",4166.756
"57",17,"width_left_x2",2710.23,"width_left_y2",4038.958
"58",18,"width_left_x2",3181.709,"width_left_y2",3686.322
"59",19,"width_left_x2",3097.58,"width_left_y2",3906.232
"60",20,"width_left_x2",3275.721,"width_left_y2",4419.862
"61",21,"width_left_x2",2993.553,"width_left_y2",4255.926
"62",22,"width_left_x2",3038.779,"width_left_y2",4307.718
"63",23,"width_left_x2",3062.724,"width_left_y2",4283.633
"64",24,"width_left_x2",2795.029,"width_left_y2",3994.622
"65",25,"width_left_x2",3010.44,"width_left_y2",4055.385
"66",26,"width_left_x2",3104.51,"width_left_y2",4403.379
"67",27,"width_left_x2",2502.661,"width_left_y2",3891.645
"68",28,"width_left_x2",2846.228,"width_left_y2",3547.536
"69",29,"width_left_x2",3338.661,"width_left_y2",3993.011
"70",30,"width_left_x2",3088.692,"width_left_y2",4034.447
"71",31,"width_left_x2",2938.677,"width_left_y2",3649.713
"72",32,"width_left_x2",2598.686,"width_left_y2",3862.605
"73",33,"width_left_x2",3012.451,"width_left_y2",4085.209
"74",34,"width_left_x2",3438.551,"width_left_y2",3972.688
"75",35,"width_left_x2",2569.463,"width_left_y2",4302.253
"76",36,"width_left_x2",2630.305,"width_left_y2",3998.526
"77",37,"width_left_x2",3190.61,"width_left_y2",3943.483
"78",38,"width_left_x2",2477.402,"width_left_y2",4000.143
"79",39,"width_left_x2",2712.104,"width_left_y2",4003.996
"80",40,"width_left_x2",2921.82,"width_left_y2",4167.446
"81",1,"width_right_x1",8387.505,"width_right_y1",2881.97
"82",2,"width_right_x1",8972.313,"width_right_y1",4090.188
"83",3,"width_right_x1",9024.893,"width_right_y1",4160.724
"84",4,"width_right_x1",8776.266,"width_right_y1",3959.253
"85",5,"width_right_x1",8858.002,"width_right_y1",3852.233
"86",6,"width_right_x1",8564.981,"width_right_y1",3812.941
"87",7,"width_right_x1",9409.247,"width_right_y1",3737.501
"88",8,"width_right_x1",9412.451,"width_right_y1",4073.572
"89",9,"width_right_x1",8710.319,"width_right_y1",4101.719
"90",10,"width_right_x1",8729.109,"width_right_y1",4425.636
"91",11,"width_right_x1",8730.559,"width_right_y1",4252.595
"92",12,"width_right_x1",8458.193,"width_right_y1",4350.217
"93",13,"width_right_x1",8285.051,"width_right_y1",4018.537
"94",14,"width_right_x1",8935.687,"width_right_y1",4035.649
"95",15,"width_right_x1",8764.91,"width_right_y1",4112.666
"96",16,"width_right_x1",8880.732,"width_right_y1",4064.496
"97",17,"width_right_x1",9013.187,"width_right_y1",4214.854
"98",18,"width_right_x1",9063.391,"width_right_y1",3872.187
"99",19,"width_right_x1",9183.408,"width_right_y1",3886.335
"100",20,"width_right_x1",8709.912,"width_right_y1",4514.749
"101",21,"width_right_x1",9135.308,"width_right_y1",4209.094
"102",22,"width_right_x1",8901.602,"width_right_y1",4307.621
"103",23,"width_right_x1",8895.752,"width_right_y1",4233.611
"104",24,"width_right_x1",8847.646,"width_right_y1",3873.844
"105",25,"width_right_x1",8883.84,"width_right_y1",4117.374
"106",26,"width_right_x1",8954.336,"width_right_y1",4194.333
"107",27,"width_right_x1",8696.86,"width_right_y1",3933.215
"108",28,"width_right_x1",9361.196,"width_right_y1",3796.412
"109",29,"width_right_x1",9509.496,"width_right_y1",3996.915
"110",30,"width_right_x1",9450.711,"width_right_y1",4194.92
"111",31,"width_right_x1",9041.323,"width_right_y1",3776.179
"112",32,"width_right_x1",8768.786,"width_right_y1",3727.031
"113",33,"width_right_x1",9206.579,"width_right_y1",4129.203
"114",34,"width_right_x1",9145.963,"width_right_y1",4294.563
"115",35,"width_right_x1",8578.995,"width_right_y1",4698.054
"116",36,"width_right_x1",9385.266,"width_right_y1",3844.29
"117",37,"width_right_x1",8969.402,"width_right_y1",3786.247
"118",38,"width_right_x1",8818.355,"width_right_y1",3928.458
"119",39,"width_right_x1",8990.342,"width_right_y1",4109.75
"120",40,"width_right_x1",8843.136,"width_right_y1",4626.528
"121",1,"width_right_x2",6613.16,"width_right_y2",3075.632
"122",2,"width_right_x2",6958.355,"width_right_y2",4271.791
"123",3,"width_right_x2",7300.082,"width_right_y2",4464.862
"124",4,"width_right_x2",6952.189,"width_right_y2",4174.869
"125",5,"width_right_x2",7015.101,"width_right_y2",4047.987
"126",6,"width_right_x2",6833.479,"width_right_y2",4000.697
"127",7,"width_right_x2",7436.516,"width_right_y2",3950.021
"128",8,"width_right_x2",7415.797,"width_right_y2",4222.944
"129",9,"width_right_x2",6825.23,"width_right_y2",4288.019
"130",10,"width_right_x2",7048.743,"width_right_y2",4573.411
"131",11,"width_right_x2",6958.635,"width_right_y2",4385.496
"132",12,"width_right_x2",6703.696,"width_right_y2",4633.124
"133",13,"width_right_x2",6505.503,"width_right_y2",4321.418
"134",14,"width_right_x2",7089.012,"width_right_y2",4046.153
"135",15,"width_right_x2",6922.654,"width_right_y2",4384.986
"136",16,"width_right_x2",7096.253,"width_right_y2",4157.925
"137",17,"width_right_x2",7071.104,"width_right_y2",4204.583
"138",18,"width_right_x2",7199.581,"width_right_y2",3942.227
"139",19,"width_right_x2",7212.334,"width_right_y2",4009.207
"140",20,"width_right_x2",7008.808,"width_right_y2",4609.414
"141",21,"width_right_x2",7258.96,"width_right_y2",4276.176
"142",22,"width_right_x2",7128.113,"width_right_y2",4364.218
"143",23,"width_right_x2",6973.519,"width_right_y2",4422.382
"144",24,"width_right_x2",6835.108,"width_right_y2",4108.867
"145",25,"width_right_x2",7163,"width_right_y2",4237.897
"146",26,"width_right_x2",7077.411,"width_right_y2",4572.836
"147",27,"width_right_x2",6966.088,"width_right_y2",4008.705
"148",28,"width_right_x2",7383.694,"width_right_y2",3644.254
"149",29,"width_right_x2",7670.034,"width_right_y2",4065.021
"150",30,"width_right_x2",7523.099,"width_right_y2",4124.29
"151",31,"width_right_x2",7151.709,"width_right_y2",3837.034
"152",32,"width_right_x2",6880.167,"width_right_y2",3854.019
"153",33,"width_right_x2",7418.416,"width_right_y2",4055.84
"154",34,"width_right_x2",7340.887,"width_right_y2",4247.875
"155",35,"width_right_x2",6734.476,"width_right_y2",4739.173
"156",36,"width_right_x2",7303.952,"width_right_y2",3841.053
"157",37,"width_right_x2",7150.745,"width_right_y2",3948.464
"158",38,"width_right_x2",6685.924,"width_right_y2",3868.619
"159",39,"width_right_x2",7133.551,"width_right_y2",3932.749
"160",40,"width_right_x2",6869.129,"width_right_y2",4559.65
"161",1,"sc_width_left_x1",4094.287,"sc_width_left_y1",3034.216
"162",2,"sc_width_left_x1",4417.818,"sc_width_left_y1",4126.393
"163",3,"sc_width_left_x1",4559.681,"sc_width_left_y1",4298.155
"164",4,"sc_width_left_x1",4452.787,"sc_width_left_y1",4077.17
"165",5,"sc_width_left_x1",4590.851,"sc_width_left_y1",3992.693
"166",6,"sc_width_left_x1",4425.973,"sc_width_left_y1",3955.755
"167",7,"sc_width_left_x1",4995.523,"sc_width_left_y1",3902.152
"168",8,"sc_width_left_x1",4776.741,"sc_width_left_y1",4026.745
"169",9,"sc_width_left_x1",4426.431,"sc_width_left_y1",4304.8
"170",10,"sc_width_left_x1",4781.366,"sc_width_left_y1",4426.089
"171",11,"sc_width_left_x1",4357.81,"sc_width_left_y1",4380.637
"172",12,"sc_width_left_x1",4515.044,"sc_width_left_y1",4576.235
"173",13,"sc_width_left_x1",4477.989,"sc_width_left_y1",4346.204
"174",14,"sc_width_left_x1",4798.218,"sc_width_left_y1",4030.892
"175",15,"sc_width_left_x1",4604.07,"sc_width_left_y1",4439.691
"176",16,"sc_width_left_x1",4459.149,"sc_width_left_y1",4095.308
"177",17,"sc_width_left_x1",4551.377,"sc_width_left_y1",4057.383
"178",18,"sc_width_left_x1",4718.182,"sc_width_left_y1",3748.538
"179",19,"sc_width_left_x1",4784.312,"sc_width_left_y1",3787.551
"180",20,"sc_width_left_x1",4708.703,"sc_width_left_y1",4448.387
"181",21,"sc_width_left_x1",4749.275,"sc_width_left_y1",4206.925
"182",22,"sc_width_left_x1",4705.289,"sc_width_left_y1",4231.167
"183",23,"sc_width_left_x1",4704.402,"sc_width_left_y1",4330.643
"184",24,"sc_width_left_x1",4483.059,"sc_width_left_y1",3941.571
"185",25,"sc_width_left_x1",4563.829,"sc_width_left_y1",4098.135
"186",26,"sc_width_left_x1",4749.184,"sc_width_left_y1",4491.067
"187",27,"sc_width_left_x1",4244.563,"sc_width_left_y1",3982.712
"188",28,"sc_width_left_x1",4578.084,"sc_width_left_y1",3457.691
"189",29,"sc_width_left_x1",5063.961,"sc_width_left_y1",3886.509
"190",30,"sc_width_left_x1",4901.366,"sc_width_left_y1",3989.349
"191",31,"sc_width_left_x1",4640.012,"sc_width_left_y1",3591.45
"192",32,"sc_width_left_x1",4279.719,"sc_width_left_y1",3779.188
"193",33,"sc_width_left_x1",4496.022,"sc_width_left_y1",3971.307
"194",34,"sc_width_left_x1",4946.264,"sc_width_left_y1",3980.46
"195",35,"sc_width_left_x1",4186.021,"sc_width_left_y1",4310.924
"196",36,"sc_width_left_x1",4504.682,"sc_width_left_y1",3799.399
"197",37,"sc_width_left_x1",4726.417,"sc_width_left_y1",3891.442
"198",38,"sc_width_left_x1",4334.121,"sc_width_left_y1",3788.804
"199",39,"sc_width_left_x1",4450.451,"sc_width_left_y1",3822.439
"200",40,"sc_width_left_x1",4739.699,"sc_width_left_y1",4239.021
"201",1,"sc_width_left_x2",2429.783,"sc_width_left_y2",3088.774
"202",2,"sc_width_left_x2",2650.849,"sc_width_left_y2",4045.168
"203",3,"sc_width_left_x2",2960.688,"sc_width_left_y2",4211.843
"204",4,"sc_width_left_x2",2821.874,"sc_width_left_y2",4067.938
"205",5,"sc_width_left_x2",2990.66,"sc_width_left_y2",4023.151
"206",6,"sc_width_left_x2",2867.997,"sc_width_left_y2",4062.232
"207",7,"sc_width_left_x2",3235.001,"sc_width_left_y2",3890.557
"208",8,"sc_width_left_x2",3106.877,"sc_width_left_y2",4101.51
"209",9,"sc_width_left_x2",2819.386,"sc_width_left_y2",4268.143
"210",10,"sc_width_left_x2",3269.102,"sc_width_left_y2",4481.759
"211",11,"sc_width_left_x2",2717.181,"sc_width_left_y2",4400.961
"212",12,"sc_width_left_x2",2892.218,"sc_width_left_y2",4492.557
"213",13,"sc_width_left_x2",2745.081,"sc_width_left_y2",4286.47
"214",14,"sc_width_left_x2",3176.099,"sc_width_left_y2",4074.265
"215",15,"sc_width_left_x2",2898.66,"sc_width_left_y2",4409.026
"216",16,"sc_width_left_x2",2836.468,"sc_width_left_y2",4169.855
"217",17,"sc_width_left_x2",2709.986,"sc_width_left_y2",4039.483
"218",18,"sc_width_left_x2",3181.042,"sc_width_left_y2",3694.417
"219",19,"sc_width_left_x2",3096.919,"sc_width_left_y2",3911.035
"220",20,"sc_width_left_x2",3275.263,"sc_width_left_y2",4425.096
"221",21,"sc_width_left_x2",2993.517,"sc_width_left_y2",4266.567
"222",22,"sc_width_left_x2",3038.556,"sc_width_left_y2",4313.125
"223",23,"sc_width_left_x2",3061.929,"sc_width_left_y2",4291.213
"224",24,"sc_width_left_x2",2794.667,"sc_width_left_y2",3997.38
"225",25,"sc_width_left_x2",3005.969,"sc_width_left_y2",4061.33
"226",26,"sc_width_left_x2",3103.77,"sc_width_left_y2",4407.645
"227",27,"sc_width_left_x2",2501.824,"sc_width_left_y2",3892.92
"228",28,"sc_width_left_x2",2846.137,"sc_width_left_y2",3553.53
"229",29,"sc_width_left_x2",3338.053,"sc_width_left_y2",3998.415
"230",30,"sc_width_left_x2",3088.264,"sc_width_left_y2",4036.882
"231",31,"sc_width_left_x2",2937.984,"sc_width_left_y2",3653.488
"232",32,"sc_width_left_x2",2598.625,"sc_width_left_y2",3864.875
"233",33,"sc_width_left_x2",3012.033,"sc_width_left_y2",4087.527
"234",34,"sc_width_left_x2",3438.147,"sc_width_left_y2",3979.297
"235",35,"sc_width_left_x2",2569.235,"sc_width_left_y2",4305.583
"236",36,"sc_width_left_x2",2630.613,"sc_width_left_y2",4003.185
"237",37,"sc_width_left_x2",3190.446,"sc_width_left_y2",3944.278
"238",38,"sc_width_left_x2",2477.706,"sc_width_left_y2",4005.218
"239",39,"sc_width_left_x2",2712.312,"sc_width_left_y2",4008.62
"240",40,"sc_width_left_x2",2911.52,"sc_width_left_y2",4161.917
"241",1,"sc_width_right_x1",8388.016,"sc_width_right_y1",2888.947
"242",2,"sc_width_right_x1",8972.425,"sc_width_right_y1",4092.14
"243",3,"sc_width_right_x1",9025.54,"sc_width_right_y1",4165.124
"244",4,"sc_width_right_x1",8776.49,"sc_width_right_y1",3962.388
"245",5,"sc_width_right_x1",8858.314,"sc_width_right_y1",3856.571
"246",6,"sc_width_right_x1",8565.547,"sc_width_right_y1",3822.092
"247",7,"sc_width_right_x1",9409.523,"sc_width_right_y1",3740.546
"248",8,"sc_width_right_x1",9412.841,"sc_width_right_y1",4081.528
"249",9,"sc_width_right_x1",8710.896,"sc_width_right_y1",4104.233
"250",10,"sc_width_right_x1",8729.826,"sc_width_right_y1",4427.982
"251",11,"sc_width_right_x1",8733.125,"sc_width_right_y1",4253.394
"252",12,"sc_width_right_x1",8459.067,"sc_width_right_y1",4354.209
"253",13,"sc_width_right_x1",8285.893,"sc_width_right_y1",4018.923
"254",14,"sc_width_right_x1",8935.597,"sc_width_right_y1",4039.496
"255",15,"sc_width_right_x1",8765.291,"sc_width_right_y1",4113.57
"256",16,"sc_width_right_x1",8881.061,"sc_width_right_y1",4064.999
"257",17,"sc_width_right_x1",9013.306,"sc_width_right_y1",4216.714
"258",18,"sc_width_right_x1",9063.946,"sc_width_right_y1",3877.417
"259",19,"sc_width_right_x1",9183.683,"sc_width_right_y1",3891.094
"260",20,"sc_width_right_x1",8711.018,"sc_width_right_y1",4518.597
"261",21,"sc_width_right_x1",9135.795,"sc_width_right_y1",4215.896
"262",22,"sc_width_right_x1",8901.996,"sc_width_right_y1",4309.263
"263",23,"sc_width_right_x1",8896.135,"sc_width_right_y1",4234.947
"264",24,"sc_width_right_x1",8847,"sc_width_right_y1",3881
"265",25,"sc_width_right_x1",8884.261,"sc_width_right_y1",4117.798
"266",26,"sc_width_right_x1",8955.101,"sc_width_right_y1",4196.78
"267",27,"sc_width_right_x1",8697.115,"sc_width_right_y1",3935.934
"268",28,"sc_width_right_x1",9358.416,"sc_width_right_y1",3794.989
"269",29,"sc_width_right_x1",9510.327,"sc_width_right_y1",3999.792
"270",30,"sc_width_right_x1",9451.004,"sc_width_right_y1",4197.516
"271",31,"sc_width_right_x1",9041.357,"sc_width_right_y1",3785.08
"272",32,"sc_width_right_x1",8768.885,"sc_width_right_y1",3730.481
"273",33,"sc_width_right_x1",9206.709,"sc_width_right_y1",4129.269
"274",34,"sc_width_right_x1",9146.016,"sc_width_right_y1",4295.743
"275",35,"sc_width_right_x1",8578.931,"sc_width_right_y1",4705.583
"276",36,"sc_width_right_x1",9385.182,"sc_width_right_y1",3849.54
"277",37,"sc_width_right_x1",8969.781,"sc_width_right_y1",3787.555
"278",38,"sc_width_right_x1",8817.29,"sc_width_right_y1",3941.498
"279",39,"sc_width_right_x1",8989.234,"sc_width_right_y1",4118.364
"280",40,"sc_width_right_x1",8842.823,"sc_width_right_y1",4632.028
"281",1,"sc_width_right_x2",6765.85,"sc_width_right_y2",2951.78
"282",2,"sc_width_right_x2",7238.389,"sc_width_right_y2",4107.717
"283",3,"sc_width_right_x2",7533.263,"sc_width_right_y2",4328.476
"284",4,"sc_width_right_x2",7221.812,"sc_width_right_y2",4034.687
"285",5,"sc_width_right_x2",7207.499,"sc_width_right_y2",3914.35
"286",6,"sc_width_right_x2",7026.066,"sc_width_right_y2",3814.66
"287",7,"sc_width_right_x2",7643.093,"sc_width_right_y2",3842.857
"288",8,"sc_width_right_x2",7714.418,"sc_width_right_y2",4046.131
"289",9,"sc_width_right_x2",7004.08,"sc_width_right_y2",4189.451
"290",10,"sc_width_right_x2",7182.924,"sc_width_right_y2",4450.338
"291",11,"sc_width_right_x2",7118.332,"sc_width_right_y2",4267.926
"292",12,"sc_width_right_x2",6863.061,"sc_width_right_y2",4486.139
"293",13,"sc_width_right_x2",6739.861,"sc_width_right_y2",4164.915
"294",14,"sc_width_right_x2",7308.652,"sc_width_right_y2",3958.233
"295",15,"sc_width_right_x2",7048.485,"sc_width_right_y2",4267.493
"296",16,"sc_width_right_x2",7275.511,"sc_width_right_y2",4078.616
"297",17,"sc_width_right_x2",7182.952,"sc_width_right_y2",4105.519
"298",18,"sc_width_right_x2",7456.042,"sc_width_right_y2",3804.813
"299",19,"sc_width_right_x2",7422.991,"sc_width_right_y2",3823.827
"300",20,"sc_width_right_x2",7214.893,"sc_width_right_y2",4498.482
"301",21,"sc_width_right_x2",7444.953,"sc_width_right_y2",4104.527
"302",22,"sc_width_right_x2",7257.315,"sc_width_right_y2",4287.601
"303",23,"sc_width_right_x2",7208.157,"sc_width_right_y2",4303.058
"304",24,"sc_width_right_x2",7143,"sc_width_right_y2",3927
"305",25,"sc_width_right_x2",7253.812,"sc_width_right_y2",4164.821
"306",26,"sc_width_right_x2",7305.044,"sc_width_right_y2",4434.896
"307",27,"sc_width_right_x2",7082.918,"sc_width_right_y2",3968.518
"308",28,"sc_width_right_x2",7643.513,"sc_width_right_y2",3576.377
"309",29,"sc_width_right_x2",7837.923,"sc_width_right_y2",3935.819
"310",30,"sc_width_right_x2",7716.507,"sc_width_right_y2",4006.708
"311",31,"sc_width_right_x2",7387.318,"sc_width_right_y2",3698.358
"312",32,"sc_width_right_x2",7061.906,"sc_width_right_y2",3673.679
"313",33,"sc_width_right_x2",7643.292,"sc_width_right_y2",3996.73
"314",34,"sc_width_right_x2",7560.299,"sc_width_right_y2",4159.059
"315",35,"sc_width_right_x2",6994.839,"sc_width_right_y2",4554.096
"316",36,"sc_width_right_x2",7565.706,"sc_width_right_y2",3721.064
"317",37,"sc_width_right_x2",7378.011,"sc_width_right_y2",3835.274
"318",38,"sc_width_right_x2",6964.145,"sc_width_right_y2",3695.776
"319",39,"sc_width_right_x2",7323.976,"sc_width_right_y2",3848.867
"320",40,"sc_width_right_x2",7105.229,"sc_width_right_y2",4426.822
"321",1,"ir_width_left_x1",2844.568,"ir_width_left_y1",3100.736
"322",2,"ir_width_left_x1",3041.573,"ir_width_left_y1",4110.665
"323",3,"ir_width_left_x1",3372.908,"ir_width_left_y1",4255.63
"324",4,"ir_width_left_x1",3162.261,"ir_width_left_y1",4018.873
"325",5,"ir_width_left_x1",3406.812,"ir_width_left_y1",4177.018
"326",6,"ir_width_left_x1",3138.398,"ir_width_left_y1",3953.956
"327",7,"ir_width_left_x1",3659.236,"ir_width_left_y1",3800.725
"328",8,"ir_width_left_x1",3583.542,"ir_width_left_y1",3913.8
"329",9,"ir_width_left_x1",3256.317,"ir_width_left_y1",4059.824
"330",10,"ir_width_left_x1",3624.985,"ir_width_left_y1",4422.678
"331",11,"ir_width_left_x1",3111.435,"ir_width_left_y1",4198.825
"332",12,"ir_width_left_x1",3276.911,"ir_width_left_y1",4510.519
"333",13,"ir_width_left_x1",3197.068,"ir_width_left_y1",4292.453
"334",14,"ir_width_left_x1",3561.764,"ir_width_left_y1",3794.386
"335",15,"ir_width_left_x1",3305.019,"ir_width_left_y1",4265.087
"336",16,"ir_width_left_x1",3301.579,"ir_width_left_y1",4205.235
"337",17,"ir_width_left_x1",3253.192,"ir_width_left_y1",3970.155
"338",18,"ir_width_left_x1",3538.721,"ir_width_left_y1",3690.413
"339",19,"ir_width_left_x1",3500.183,"ir_width_left_y1",3861.186
"340",20,"ir_width_left_x1",3579.798,"ir_width_left_y1",4391.097
"341",21,"ir_width_left_x1",3406.949,"ir_width_left_y1",3978.321
"342",22,"ir_width_left_x1",3436.263,"ir_width_left_y1",4117.269
"343",23,"ir_width_left_x1",3524.75,"ir_width_left_y1",4373.543
"344",24,"ir_width_left_x1",3225.082,"ir_width_left_y1",3773.831
"345",25,"ir_width_left_x1",3365.677,"ir_width_left_y1",4076.437
"346",26,"ir_width_left_x1",3529.534,"ir_width_left_y1",4202.023
"347",27,"ir_width_left_x1",2948.817,"ir_width_left_y1",3894.287
"348",28,"ir_width_left_x1",3247.172,"ir_width_left_y1",3531.602
"349",29,"ir_width_left_x1",3823.311,"ir_width_left_y1",3972.43
"350",30,"ir_width_left_x1",3523.677,"ir_width_left_y1",3948.981
"351",31,"ir_width_left_x1",3456.158,"ir_width_left_y1",3490.841
"352",32,"ir_width_left_x1",2982.396,"ir_width_left_y1",3832.687
"353",33,"ir_width_left_x1",3314.78,"ir_width_left_y1",3994.856
"354",34,"ir_width_left_x1",3822.683,"ir_width_left_y1",3992.445
"355",35,"ir_width_left_x1",3063.698,"ir_width_left_y1",4377.819
"356",36,"ir_width_left_x1",3073.003,"ir_width_left_y1",3761.153
"357",37,"ir_width_left_x1",3492.626,"ir_width_left_y1",3891.027
"358",38,"ir_width_left_x1",2970.404,"ir_width_left_y1",3585.561
"359",39,"ir_width_left_x1",3165.699,"ir_width_left_y1",3931.113
"360",40,"ir_width_left_x1",3409.717,"ir_width_left_y1",4308.534
"361",1,"ir_width_left_x2",3647.261,"ir_width_left_y2",2844.075
"362",2,"ir_width_left_x2",3805.645,"ir_width_left_y2",3885.938
"363",3,"ir_width_left_x2",4156.708,"ir_width_left_y2",4060.015
"364",4,"ir_width_left_x2",3982.152,"ir_width_left_y2",3897.053
"365",5,"ir_width_left_x2",4085.742,"ir_width_left_y2",3718.251
"366",6,"ir_width_left_x2",3956.111,"ir_width_left_y2",3728.715
"367",7,"ir_width_left_x2",4536.125,"ir_width_left_y2",3754.465
"368",8,"ir_width_left_x2",4359.42,"ir_width_left_y2",3925.649
"369",9,"ir_width_left_x2",4032.653,"ir_width_left_y2",4227.811
"370",10,"ir_width_left_x2",4427.071,"ir_width_left_y2",4291.434
"371",11,"ir_width_left_x2",3920.366,"ir_width_left_y2",4248.736
"372",12,"ir_width_left_x2",4065.589,"ir_width_left_y2",4555.705
"373",13,"ir_width_left_x2",3942.765,"ir_width_left_y2",4089.697
"374",14,"ir_width_left_x2",4290.277,"ir_width_left_y2",4103.103
"375",15,"ir_width_left_x2",4086.302,"ir_width_left_y2",4387.154
"376",16,"ir_width_left_x2",4086.96,"ir_width_left_y2",3868.152
"377",17,"ir_width_left_x2",4085.786,"ir_width_left_y2",3854.638
"378",18,"ir_width_left_x2",4344.201,"ir_width_left_y2",3585.828
"379",19,"ir_width_left_x2",4259.062,"ir_width_left_y2",3579.21
"380",20,"ir_width_left_x2",4323.04,"ir_width_left_y2",4424.193
"381",21,"ir_width_left_x2",4168.964,"ir_width_left_y2",4297.97
"382",22,"ir_width_left_x2",4239.811,"ir_width_left_y2",4240.567
"383",23,"ir_width_left_x2",4232.438,"ir_width_left_y2",4011.26
"384",24,"ir_width_left_x2",4035.389,"ir_width_left_y2",3952.891
"385",25,"ir_width_left_x2",4196.398,"ir_width_left_y2",4003.316
"386",26,"ir_width_left_x2",4248.296,"ir_width_left_y2",4528.312
"387",27,"ir_width_left_x2",3730.835,"ir_width_left_y2",3715.788
"388",28,"ir_width_left_x2",4076.242,"ir_width_left_y2",3342.236
"389",29,"ir_width_left_x2",4599.016,"ir_width_left_y2",3637.636
"390",30,"ir_width_left_x2",4393.665,"ir_width_left_y2",3890.883
"391",31,"ir_width_left_x2",4273.442,"ir_width_left_y2",3432.999
"392",32,"ir_width_left_x2",3779.991,"ir_width_left_y2",3619.763
"393",33,"ir_width_left_x2",4150.119,"ir_width_left_y2",3859.748
"394",34,"ir_width_left_x2",4599.083,"ir_width_left_y2",3697.735
"395",35,"ir_width_left_x2",3843.187,"ir_width_left_y2",4077.367
"396",36,"ir_width_left_x2",3914.995,"ir_width_left_y2",3850.781
"397",37,"ir_width_left_x2",4336.206,"ir_width_left_y2",3690.751
"398",38,"ir_width_left_x2",3756.564,"ir_width_left_y2",3846.242
"399",39,"ir_width_left_x2",3940.926,"ir_width_left_y2",3648.075
"400",40,"ir_width_left_x2",4179.583,"ir_width_left_y2",3952.257
"401",1,"ir_width_right_x1",7194.028,"ir_width_right_y1",2800.56
"402",2,"ir_width_right_x1",7834.208,"ir_width_right_y1",3844.625
"403",3,"ir_width_right_x1",8620.273,"ir_width_right_y1",4140.887
"404",4,"ir_width_right_x1",7567.253,"ir_width_right_y1",4016.64
"405",5,"ir_width_right_x1",7731.962,"ir_width_right_y1",3990.017
"406",6,"ir_width_right_x1",7417.39,"ir_width_right_y1",3759.375
"407",7,"ir_width_right_x1",8183.658,"ir_width_right_y1",3816.304
"408",8,"ir_width_right_x1",8136.899,"ir_width_right_y1",3935.455
"409",9,"ir_width_right_x1",7521.539,"ir_width_right_y1",4061.701
"410",10,"ir_width_right_x1",7562.994,"ir_width_right_y1",4378.089
"411",11,"ir_width_right_x1",7546.028,"ir_width_right_y1",4245.446
"412",12,"ir_width_right_x1",7254.266,"ir_width_right_y1",4354.458
"413",13,"ir_width_right_x1",7164.13,"ir_width_right_y1",3908.302
"414",14,"ir_width_right_x1",7801.749,"ir_width_right_y1",4085.708
"415",15,"ir_width_right_x1",7572.533,"ir_width_right_y1",4190.32
"416",16,"ir_width_right_x1",7620.581,"ir_width_right_y1",4075.234
"417",17,"ir_width_right_x1",7665.204,"ir_width_right_y1",3906.211
"418",18,"ir_width_right_x1",7891.515,"ir_width_right_y1",3811.771
"419",19,"ir_width_right_x1",7985.806,"ir_width_right_y1",3858.49
"420",20,"ir_width_right_x1",7655.868,"ir_width_right_y1",4369.013
"421",21,"ir_width_right_x1",7966.307,"ir_width_right_y1",4269.719
"422",22,"ir_width_right_x1",7714.276,"ir_width_right_y1",4257.693
"423",23,"ir_width_right_x1",7739.166,"ir_width_right_y1",4321.66
"424",24,"ir_width_right_x1",7606.373,"ir_width_right_y1",3899.654
"425",25,"ir_width_right_x1",7786.06,"ir_width_right_y1",4339.893
"426",26,"ir_width_right_x1",7785.838,"ir_width_right_y1",4286.902
"427",27,"ir_width_right_x1",7525,"ir_width_right_y1",3809
"428",28,"ir_width_right_x1",8098.683,"ir_width_right_y1",3503.414
"429",29,"ir_width_right_x1",8243.886,"ir_width_right_y1",3708.569
"430",30,"ir_width_right_x1",8199.442,"ir_width_right_y1",3980.21
"431",31,"ir_width_right_x1",7708.28,"ir_width_right_y1",3617.702
"432",32,"ir_width_right_x1",8289.236,"ir_width_right_y1",3705.136
"433",33,"ir_width_right_x1",7972.09,"ir_width_right_y1",3966.62
"434",34,"ir_width_right_x1",7963.963,"ir_width_right_y1",4262.52
"435",35,"ir_width_right_x1",7326.792,"ir_width_right_y1",4568.837
"436",36,"ir_width_right_x1",8049.67,"ir_width_right_y1",3727.004
"437",37,"ir_width_right_x1",7784.397,"ir_width_right_y1",3845.881
"438",38,"ir_width_right_x1",7527.112,"ir_width_right_y1",3781.638
"439",39,"ir_width_right_x1",7734.043,"ir_width_right_y1",3857.759
"440",40,"ir_width_right_x1",7550.804,"ir_width_right_y1",4297.2
"441",1,"ir_width_right_x2",8030.026,"ir_width_right_y2",2799.491
"442",2,"ir_width_right_x2",8514.743,"ir_width_right_y2",4238.21
"443",3,"ir_width_right_x2",7819.085,"ir_width_right_y2",4107.29
"444",4,"ir_width_right_x2",8374.046,"ir_width_right_y2",3767.743
"445",5,"ir_width_right_x2",8466.313,"ir_width_right_y2",3624.288
"446",6,"ir_width_right_x2",8276.625,"ir_width_right_y2",3551.015
"447",7,"ir_width_right_x2",9029.688,"ir_width_right_y2",3574.807
"448",8,"ir_width_right_x2",8907.036,"ir_width_right_y2",3964.096
"449",9,"ir_width_right_x2",8303.014,"ir_width_right_y2",3898.38
"450",10,"ir_width_right_x2",8389.106,"ir_width_right_y2",4331.182
"451",11,"ir_width_right_x2",8327.672,"ir_width_right_y2",4010.765
"452",12,"ir_width_right_x2",8050.621,"ir_width_right_y2",4408.221
"453",13,"ir_width_right_x2",7950.886,"ir_width_right_y2",3999.846
"454",14,"ir_width_right_x2",8510.175,"ir_width_right_y2",3725.441
"455",15,"ir_width_right_x2",8356.106,"ir_width_right_y2",4059.037
"456",16,"ir_width_right_x2",8439.021,"ir_width_right_y2",3823.975
"457",17,"ir_width_right_x2",8485.802,"ir_width_right_y2",4117.249
"458",18,"ir_width_right_x2",8707.777,"ir_width_right_y2",3655.248
"459",19,"ir_width_right_x2",8727.111,"ir_width_right_y2",3567.01
"460",20,"ir_width_right_x2",8389.081,"ir_width_right_y2",4493.901
"461",21,"ir_width_right_x2",8709.527,"ir_width_right_y2",3907.75
"462",22,"ir_width_right_x2",8529.051,"ir_width_right_y2",4110.358
"463",23,"ir_width_right_x2",8440.913,"ir_width_right_y2",3975.781
"464",24,"ir_width_right_x2",8406.62,"ir_width_right_y2",3660.937
"465",25,"ir_width_right_x2",8482.335,"ir_width_right_y2",3888.518
"466",26,"ir_width_right_x2",8557.764,"ir_width_right_y2",4081.006
"467",27,"ir_width_right_x2",8337,"ir_width_right_y2",3857
"468",28,"ir_width_right_x2",8937.275,"ir_width_right_y2",3695.178
"469",29,"ir_width_right_x2",9001.262,"ir_width_right_y2",4049.113
"470",30,"ir_width_right_x2",9057.293,"ir_width_right_y2",4086.131
"471",31,"ir_width_right_x2",8521.837,"ir_width_right_y2",3584.221
"472",32,"ir_width_right_x2",7483.9,"ir_width_right_y2",3531.448
"473",33,"ir_width_right_x2",8821.895,"ir_width_right_y2",3918.409
"474",34,"ir_width_right_x2",8730.952,"ir_width_right_y2",3962.485
"475",35,"ir_width_right_x2",8153.152,"ir_width_right_y2",4498.744
"476",36,"ir_width_right_x2",8890.748,"ir_width_right_y2",3674.212
"477",37,"ir_width_right_x2",8589.243,"ir_width_right_y2",3608.75
"478",38,"ir_width_right_x2",8334.75,"ir_width_right_y2",3574.842
"479",39,"ir_width_right_x2",8552.322,"ir_width_right_y2",3895.89
"480",40,"ir_width_right_x2",8367.984,"ir_width_right_y2",4590.25
"481",1,"height_left_x1",3220.30097614895,"height_left_y1",3340.78546716934
"482",2,"height_left_x1",3375.0710795213,"height_left_y1",4333.03257946029
"483",3,"height_left_x1",3725.289,"height_left_y1",4569.959
"484",4,"height_left_x1",3514.328,"height_left_y1",4320.603
"485",5,"height_left_x1",3697.134,"height_left_y1",4273.101
"486",6,"height_left_x1",3618.13433647239,"height_left_y1",4219.17460496409
"487",7,"height_left_x1",4000.41552820575,"height_left_y1",4105.61824733188
"488",8,"height_left_x1",3925.561,"height_left_y1",4353.971
"489",9,"height_left_x1",3521.87088156052,"height_left_y1",4589.15436343791
"490",10,"height_left_x1",3948.27861909468,"height_left_y1",4652.21990945644
"491",11,"height_left_x1",3499.356,"height_left_y1",4623.851
"492",12,"height_left_x1",3572.232,"height_left_y1",4918.068
"493",13,"height_left_x1",3478.646,"height_left_y1",4492.422
"494",14,"height_left_x1",3925.80559034208,"height_left_y1",4292.48465965778
"495",15,"height_left_x1",3667.64729503305,"height_left_y1",4709.10155163424
"496",16,"height_left_x1",3686.35,"height_left_y1",4342.922
"497",17,"height_left_x1",3564.05436640906,"height_left_y1",4332.66805002186
"498",18,"height_left_x1",3805.95807508895,"height_left_y1",4032.04434409575
"499",19,"height_left_x1",3870.65051134174,"height_left_y1",4142.83568410955
"500",20,"height_left_x1",3935.68523369747,"height_left_y1",4706.73282064344
"501",21,"height_left_x1",3722.92556861519,"height_left_y1",4559.00427675143
"502",22,"height_left_x1",3740.474,"height_left_y1",4546.374
"503",23,"height_left_x1",3812.064,"height_left_y1",4566.586
"504",24,"height_left_x1",3605.571262501,"height_left_y1",4302.07225432738
"505",25,"height_left_x1",3726.674,"height_left_y1",4428.618
"506",26,"height_left_x1",3824.345,"height_left_y1",4673.79
"507",27,"height_left_x1",3332.53991283646,"height_left_y1",4160.15902013625
"508",28,"height_left_x1",3700.945,"height_left_y1",3798.512
"509",29,"height_left_x1",4145.62584929311,"height_left_y1",4221.98870956306
"510",30,"height_left_x1",3967.82569199397,"height_left_y1",4384.03183305861
"511",31,"height_left_x1",3717.655,"height_left_y1",3886.219
"512",32,"height_left_x1",3445.108,"height_left_y1",4103.077
"513",33,"height_left_x1",3702.43861606599,"height_left_y1",4219.78335295557
"514",34,"height_left_x1",4245.29876596725,"height_left_y1",4228.20795147804
"515",35,"height_left_x1",3353.23920741712,"height_left_y1",4615.00170222776
"516",36,"height_left_x1",3557.73839752994,"height_left_y1",4281.27153602883
"517",37,"height_left_x1",3974.18027753997,"height_left_y1",4157.72070529687
"518",38,"height_left_x1",3359.70817908545,"height_left_y1",4197.19121621391
"519",39,"height_left_x1",3537.809,"height_left_y1",4163.698
"520",40,"height_left_x1",3746.57087541781,"height_left_y1",4488.81503340849
"521",1,"height_left_x2",3243.806,"height_left_y2",2674.688
"522",2,"height_left_x2",3445,"height_left_y2",3684
"523",3,"height_left_x2",3803.74282142888,"height_left_y2",3900.64107504043
"524",4,"height_left_x2",3557.84219719965,"height_left_y2",3746.52503320024
"525",5,"height_left_x2",3738.16771536578,"height_left_y2",3617.4247170611
"526",6,"height_left_x2",3621.558,"height_left_y2",3647.354
"527",7,"height_left_x2",4022.966,"height_left_y2",3530.154
"528",8,"height_left_x2",3956.37700772754,"height_left_y2",3640.00919187912
"529",9,"height_left_x2",3572.864,"height_left_y2",3861.575
"530",10,"height_left_x2",3969.999,"height_left_y2",4107.06
"531",11,"height_left_x2",3520.21470133664,"height_left_y2",4016.79354799057
"532",12,"height_left_x2",3656.93968684822,"height_left_y2",4236.35368953892
"533",13,"height_left_x2",3512.31223644933,"height_left_y2",4009.93874373133
"534",14,"height_left_x2",3925.394,"height_left_y2",3602.166
"535",15,"height_left_x2",3708.395,"height_left_y2",3993.283
"536",16,"height_left_x2",3699.8129819972,"height_left_y2",3762.67982318221
"537",17,"height_left_x2",3607.092,"height_left_y2",3550.992
"538",18,"height_left_x2",3870.098,"height_left_y2",3330.973
"539",19,"height_left_x2",3897.301,"height_left_y2",3454.115
"540",20,"height_left_x2",3992.27,"height_left_y2",4097.858
"541",21,"height_left_x2",3753.256,"height_left_y2",3761.643
"542",22,"height_left_x2",3758.17026441277,"height_left_y2",3895.09086328841
"543",23,"height_left_x2",3877.49928114002,"height_left_y2",3901.00582861172
"544",24,"height_left_x2",3646.881,"height_left_y2",3630.173
"545",25,"height_left_x2",3793.11147577453,"height_left_y2",3733.56724968538
"546",26,"height_left_x2",3897.65547329145,"height_left_y2",4070.98991354149
"547",27,"height_left_x2",3389.972,"height_left_y2",3551.215
"548",28,"height_left_x2",3705.72569693746,"height_left_y2",3131.82829642141
"549",29,"height_left_x2",4149.122,"height_left_y2",3595.024
"550",30,"height_left_x2",3987.755,"height_left_y2",3598.885
"551",31,"height_left_x2",3762.50632869358,"height_left_y2",3263.00367105356
"552",32,"height_left_x2",3452.78873994527,"height_left_y2",3530.06290295374
"553",33,"height_left_x2",3681.484,"height_left_y2",3791.1
"554",34,"height_left_x2",4301.021,"height_left_y2",3600.182
"555",35,"height_left_x2",3423.906,"height_left_y2",3977.296
"556",36,"height_left_x2",3513.718,"height_left_y2",3527.962
"557",37,"height_left_x2",3978.03,"height_left_y2",3647.723
"558",38,"height_left_x2",3323.503,"height_left_y2",3461.139
"559",39,"height_left_x2",3509.44403804935,"height_left_y2",3592.77600278472
"560",40,"height_left_x2",3813.055,"height_left_y2",3810.8
"561",1,"height_right_x1",7691.066,"height_right_y1",3162.906
"562",2,"height_right_x1",8295.808,"height_right_y1",4359.741
"563",3,"height_right_x1",8393.711,"height_right_y1",4545.95
"564",4,"height_right_x1",8016.01359014659,"height_right_y1",4252.75228812251
"565",5,"height_right_x1",8135.19723004713,"height_right_y1",4147.19194964135
"566",6,"height_right_x1",7860.29594750358,"height_right_y1",4057.42366969016
"567",7,"height_right_x1",8655.479,"height_right_y1",4046.036
"568",8,"height_right_x1",8624.74277933846,"height_right_y1",4342.1418655923
"569",9,"height_right_x1",7940.67600283665,"height_right_y1",4369.2444163035
"570",10,"height_right_x1",8026.878,"height_right_y1",4637.315
"571",11,"height_right_x1",7949.80571103348,"height_right_y1",4500.05243354294
"572",12,"height_right_x1",7692.918,"height_right_y1",4766.876
"573",13,"height_right_x1",7600.18869341958,"height_right_y1",4258.55442094228
"574",14,"height_right_x1",8192.17113317992,"height_right_y1",4256.09592526863
"575",15,"height_right_x1",7983.077,"height_right_y1",4518.616
"576",16,"height_right_x1",8085.43776825275,"height_right_y1",4244.54966678323
"577",17,"height_right_x1",8169.45502221009,"height_right_y1",4396.53699076654
"578",18,"height_right_x1",8304.458,"height_right_y1",4126.831
"579",19,"height_right_x1",8367.93809740374,"height_right_y1",4146.75011797624
"580",20,"height_right_x1",8022.514462832,"height_right_y1",4754.33780754626
"581",21,"height_right_x1",8304.73835271819,"height_right_y1",4493.91755233992
"582",22,"height_right_x1",8106.77456835085,"height_right_y1",4543.64392812296
"583",23,"height_right_x1",8059.905,"height_right_y1",4512.865
"584",24,"height_right_x1",8011.258,"height_right_y1",4223.828
"585",25,"height_right_x1",8098.767,"height_right_y1",4468.023
"586",26,"height_right_x1",8263.75,"height_right_y1",4547.341
"587",27,"height_right_x1",7989.94684735991,"height_right_y1",4100.41089196995
"588",28,"height_right_x1",8516.423,"height_right_y1",4003.509
"589",29,"height_right_x1",8606.56635922663,"height_right_y1",4243.88419061066
"590",30,"height_right_x1",8653.627,"height_right_y1",4439.35
"591",31,"height_right_x1",8050.98888175268,"height_right_y1",3993.61358805712
"592",32,"height_right_x1",7937.24377778062,"height_right_y1",3955.64516232447
"593",33,"height_right_x1",8538.228,"height_right_y1",4273.509
"594",34,"height_right_x1",8382.85360270777,"height_right_y1",4468.4803428432
"595",35,"height_right_x1",7824.78663258994,"height_right_y1",4959.61596824273
"596",36,"height_right_x1",8517.32393239683,"height_right_y1",4157.36568348281
"597",37,"height_right_x1",8251.825,"height_right_y1",4065.936
"598",38,"height_right_x1",7940.874,"height_right_y1",4144.136
"599",39,"height_right_x1",8187.66696260807,"height_right_y1",4238.72239002605
"600",40,"height_right_x1",8002.57718197334,"height_right_y1",4858.19604504258
"601",1,"height_right_x2",7620.38895039406,"height_right_y2",2515.35785125089
"602",2,"height_right_x2",8240.83019507283,"height_right_y2",3750.04297708456
"603",3,"height_right_x2",8274.8875865233,"height_right_y2",3872.08507479449
"604",4,"height_right_x2",7946.958,"height_right_y2",3668.553
"605",5,"height_right_x2",8063.629,"height_right_y2",3473.422
"606",6,"height_right_x2",7792.038,"height_right_y2",3427.943
"607",7,"height_right_x2",8589.58409209514,"height_right_y2",3434.36214546366
"608",8,"height_right_x2",8572.911,"height_right_y2",3649.307
"609",9,"height_right_x2",7878.986,"height_right_y2",3745.03
"610",10,"height_right_x2",7977.16342786003,"height_right_y2",4072.00505766505
"611",11,"height_right_x2",7905.105,"height_right_y2",3904.073
"612",12,"height_right_x2",7584.9597670841,"height_right_y2",4097.35422861845
"613",13,"height_right_x2",7520.895,"height_right_y2",3792.672
"614",14,"height_right_x2",8188.234,"height_right_y2",3563.921
"615",15,"height_right_x2",7877.08970454439,"height_right_y2",3801.60758718834
"616",16,"height_right_x2",8056.551,"height_right_y2",3692.817
"617",17,"height_right_x2",8173.297,"height_right_y2",3670.08
"618",18,"height_right_x2",8278.46930566377,"height_right_y2",3435.25492360347
"619",19,"height_right_x2",8323.329,"height_right_y2",3431.145
"620",20,"height_right_x2",7989.665,"height_right_y2",4164.042
"621",21,"height_right_x2",8277.247,"height_right_y2",3724.958
"622",22,"height_right_x2",8087.256,"height_right_y2",3932.022
"623",23,"height_right_x2",7996.15775253877,"height_right_y2",3863.7342398242
"624",24,"height_right_x2",7930.61673282586,"height_right_y2",3533.28445934178
"625",25,"height_right_x2",8048.55451120634,"height_right_y2",3751.08383307186
"626",26,"height_right_x2",8138.27509490631,"height_right_y2",3925.13460733476
"627",27,"height_right_x2",7968.272,"height_right_y2",3603.468
"628",28,"height_right_x2",8568.2897406939,"height_right_y2",3329.42953355281
"629",29,"height_right_x2",8583.014,"height_right_y2",3607.763
"630",30,"height_right_x2",8679.94002068332,"height_right_y2",3721.22322065105
"631",31,"height_right_x2",8031.782,"height_right_y2",3397.219
"632",32,"height_right_x2",7899.765,"height_right_y2",3398.245
"633",33,"height_right_x2",8557.49743042205,"height_right_y2",3803.83242581706
"634",34,"height_right_x2",8399.682,"height_right_y2",3817.852
"635",35,"height_right_x2",7808.902,"height_right_y2",4247.062
"636",36,"height_right_x2",8518.492,"height_right_y2",3406.326
"637",37,"height_right_x2",8203.52225052742,"height_right_y2",3524.40130605578
"638",38,"height_right_x2",7960.87838473425,"height_right_y2",3431.25693879853
"639",39,"height_right_x2",8246.496,"height_right_y2",3621.589
"640",40,"height_right_x2",8026.336,"height_right_y2",4156.918
"641",1,"sc_height_left_x1",3231.568,"sc_height_left_y1",3340.107
"642",2,"sc_height_left_x1",3403.618,"sc_height_left_y1",4333.542
"643",3,"sc_height_left_x1",3741.393,"sc_height_left_y1",4570.575
"644",4,"sc_height_left_x1",3536.621,"sc_height_left_y1",4321.829
"645",5,"sc_height_left_x1",3750.83008981287,"sc_height_left_y1",4269.88149066725
"646",6,"sc_height_left_x1",3663.56263865237,"sc_height_left_y1",4215.82457659469
"647",7,"sc_height_left_x1",4018.16754025571,"sc_height_left_y1",4104.80987045552
"648",8,"sc_height_left_x1",3941.09038660855,"sc_height_left_y1",4352.79134626758
"649",9,"sc_height_left_x1",3558.49356069759,"sc_height_left_y1",4589.90629977196
"650",10,"sc_height_left_x1",3967.21336698027,"sc_height_left_y1",4651.25083073549
"651",11,"sc_height_left_x1",3505.27475962494,"sc_height_left_y1",4623.82294679736
"652",12,"sc_height_left_x1",3669.109,"sc_height_left_y1",4914.024
"653",13,"sc_height_left_x1",3484.54482090754,"sc_height_left_y1",4492.38632967414
"654",14,"sc_height_left_x1",3938.12610606013,"sc_height_left_y1",4291.62971270509
"655",15,"sc_height_left_x1",3644.097,"sc_height_left_y1",4708.558
"656",16,"sc_height_left_x1",3699.97,"sc_height_left_y1",4341.467
"657",17,"sc_height_left_x1",3606.88108100702,"sc_height_left_y1",4332.83030918427
"658",18,"sc_height_left_x1",3842.318,"sc_height_left_y1",4032.176
"659",19,"sc_height_left_x1",3934.96690572137,"sc_height_left_y1",4138.62488467243
"660",20,"sc_height_left_x1",3957.918,"sc_height_left_y1",4706.127
"661",21,"sc_height_left_x1",3771.34659910329,"sc_height_left_y1",4554.9534960664
"662",22,"sc_height_left_x1",3872.105,"sc_height_left_y1",4540.709
"663",23,"sc_height_left_x1",3838.659,"sc_height_left_y1",4566.206
"664",24,"sc_height_left_x1",3605.31681418402,"sc_height_left_y1",4302.10719935478
"665",25,"sc_height_left_x1",3733.43012798105,"sc_height_left_y1",4430.89000471237
"666",26,"sc_height_left_x1",3891.219,"sc_height_left_y1",4675.254
"667",27,"sc_height_left_x1",3342.21595411499,"sc_height_left_y1",4160.36344328668
"668",28,"sc_height_left_x1",3718.776,"sc_height_left_y1",3797.425
"669",29,"sc_height_left_x1",4168.298,"sc_height_left_y1",4219.533
"670",30,"sc_height_left_x1",3988.07,"sc_height_left_y1",4382.054
"671",31,"sc_height_left_x1",3738.848,"sc_height_left_y1",3885.622
"672",32,"sc_height_left_x1",3430.0977935013,"sc_height_left_y1",4104.23134122187
"673",33,"sc_height_left_x1",3722.20146261153,"sc_height_left_y1",4217.39684155412
"674",34,"sc_height_left_x1",4154.60173792334,"sc_height_left_y1",4225.97149464149
"675",35,"sc_height_left_x1",3427.90528093729,"sc_height_left_y1",4611.09707068417
"676",36,"sc_height_left_x1",3570.948,"sc_height_left_y1",4280.47
"677",37,"sc_height_left_x1",3985.29408324631,"sc_height_left_y1",4156.96842974346
"678",38,"sc_height_left_x1",3389.5312989227,"sc_height_left_y1",4194.68887311631
"679",39,"sc_height_left_x1",3550.728,"sc_height_left_y1",4161.581
"680",40,"sc_height_left_x1",3766.05618074576,"sc_height_left_y1",4480.99927644996
"681",1,"sc_height_left_x2",3209.82832169744,"sc_height_left_y2",2676.85355424813
"682",2,"sc_height_left_x2",3433.48027054538,"sc_height_left_y2",3683.91803787872
"683",3,"sc_height_left_x2",3777.61101466185,"sc_height_left_y2",3899.60975857134
"684",4,"sc_height_left_x2",3539.88327749869,"sc_height_left_y2",3745.51933988059
"685",5,"sc_height_left_x2",3738.411,"sc_height_left_y2",3617.412
"686",6,"sc_height_left_x2",3624.694,"sc_height_left_y2",3647.097
"687",7,"sc_height_left_x2",4021.952,"sc_height_left_y2",3530.198
"688",8,"sc_height_left_x2",3909.335,"sc_height_left_y2",3643.54
"689",9,"sc_height_left_x2",3575.106,"sc_height_left_y2",3861.616
"690",10,"sc_height_left_x2",3947.219,"sc_height_left_y2",4108.108
"691",11,"sc_height_left_x2",3497.762,"sc_height_left_y2",4017.365
"692",12,"sc_height_left_x2",3704.15534109425,"sc_height_left_y2",4234.34578669889
"693",13,"sc_height_left_x2",3501.172,"sc_height_left_y2",4010.025
"694",14,"sc_height_left_x2",3919.701,"sc_height_left_y2",3602.544
"695",15,"sc_height_left_x2",3656.96947807764,"sc_height_left_y2",3992.66519587815
"696",16,"sc_height_left_x2",3673.51368239841,"sc_height_left_y2",3765.58649639729
"697",17,"sc_height_left_x2",3614.481,"sc_height_left_y2",3551.019
"698",18,"sc_height_left_x2",3867.00644393013,"sc_height_left_y2",3330.97693304345
"699",19,"sc_height_left_x2",3884.927,"sc_height_left_y2",3454.836
"700",20,"sc_height_left_x2",3967.79038142328,"sc_height_left_y2",4098.53323299168
"701",21,"sc_height_left_x2",3744.423,"sc_height_left_y2",3762.369
"702",22,"sc_height_left_x2",3840.19230788977,"sc_height_left_y2",3891.71882138471
"703",23,"sc_height_left_x2",3854.61961964925,"sc_height_left_y2",3901.35977029781
"704",24,"sc_height_left_x2",3583.266,"sc_height_left_y2",3635.003
"705",25,"sc_height_left_x2",3749.879,"sc_height_left_y2",3734.652
"706",26,"sc_height_left_x2",3921.83604761386,"sc_height_left_y2",4071.36391366168
"707",27,"sc_height_left_x2",3373.618,"sc_height_left_y2",3550.893
"708",28,"sc_height_left_x2",3682.02570924827,"sc_height_left_y2",3133.29499220994
"709",29,"sc_height_left_x2",4127.95309445918,"sc_height_left_y2",3597.30009709799
"710",30,"sc_height_left_x2",3967.59018673435,"sc_height_left_y2",3600.87060337922
"711",31,"sc_height_left_x2",3716.19430419736,"sc_height_left_y2",3264.11220665426
"712",32,"sc_height_left_x2",3401.017,"sc_height_left_y2",3533.695
"713",33,"sc_height_left_x2",3688.746,"sc_height_left_y2",3790.211
"714",34,"sc_height_left_x2",4155.086,"sc_height_left_y2",3598.006
"715",35,"sc_height_left_x2",3430,"sc_height_left_y2",3977
"716",36,"sc_height_left_x2",3489.29109958471,"sc_height_left_y2",3529.53192915914
"717",37,"sc_height_left_x2",3967.8,"sc_height_left_y2",3648.406
"718",38,"sc_height_left_x2",3304.209,"sc_height_left_y2",3462.788
"719",39,"sc_height_left_x2",3490.14228055289,"sc_height_left_y2",3595.96795777721
"720",40,"sc_height_left_x2",3794.661,"sc_height_left_y2",3802.763
"721",1,"sc_height_right_x1",7686.434,"sc_height_right_y1",3162.604
"722",2,"sc_height_right_x1",8288.513,"sc_height_right_y1",4359.267
"723",3,"sc_height_right_x1",8370.604,"sc_height_right_y1",4546.083
"724",4,"sc_height_right_x1",7984.101,"sc_height_right_y1",4253.676
"725",5,"sc_height_right_x1",8092.5459102556,"sc_height_right_y1",4149.53987522455
"726",6,"sc_height_right_x1",7810.31606354934,"sc_height_right_y1",4054.17992249786
"727",7,"sc_height_right_x1",8641.91,"sc_height_right_y1",4046.648
"728",8,"sc_height_right_x1",8629.21122783185,"sc_height_right_y1",4342.36830587756
"729",9,"sc_height_right_x1",7922.59805673249,"sc_height_right_y1",4370.24168114617
"730",10,"sc_height_right_x1",7998.071,"sc_height_right_y1",4637.15
"731",11,"sc_height_right_x1",7921.697,"sc_height_right_y1",4500.006
"732",12,"sc_height_right_x1",7682.84150053843,"sc_height_right_y1",4767.14718526744
"733",13,"sc_height_right_x1",7581.87385615421,"sc_height_right_y1",4259.33308889399
"734",14,"sc_height_right_x1",8178.138,"sc_height_right_y1",4254.992
"735",15,"sc_height_right_x1",7966.74,"sc_height_right_y1",4519.182
"736",16,"sc_height_right_x1",8075.732,"sc_height_right_y1",4243.65
"737",17,"sc_height_right_x1",8201.00355353577,"sc_height_right_y1",4398.61964855962
"738",18,"sc_height_right_x1",8273.21487186361,"sc_height_right_y1",4125.09887305129
"739",19,"sc_height_right_x1",8382.181,"sc_height_right_y1",4147.417
"740",20,"sc_height_right_x1",7998.58319874754,"sc_height_right_y1",4752.81670290038
"741",21,"sc_height_right_x1",8235.69206695342,"sc_height_right_y1",4490.83855566946
"742",22,"sc_height_right_x1",8079.26349244955,"sc_height_right_y1",4541.59008229049
"743",23,"sc_height_right_x1",8055.763,"sc_height_right_y1",4513.015
"744",24,"sc_height_right_x1",7984,"sc_height_right_y1",4223
"745",25,"sc_height_right_x1",8082.3,"sc_height_right_y1",4467.335
"746",26,"sc_height_right_x1",8246.321,"sc_height_right_y1",4550.04
"747",27,"sc_height_right_x1",7981.15115545319,"sc_height_right_y1",4099.83192696036
"748",28,"sc_height_right_x1",8493.40538240641,"sc_height_right_y1",3998.37174748459
"749",29,"sc_height_right_x1",8587.18636381811,"sc_height_right_y1",4242.83813396499
"750",30,"sc_height_right_x1",8642.57,"sc_height_right_y1",4438.21
"751",31,"sc_height_right_x1",7998.93013558238,"sc_height_right_y1",3989.59204667162
"752",32,"sc_height_right_x1",7904.25,"sc_height_right_y1",3953.671
"753",33,"sc_height_right_x1",8522.206,"sc_height_right_y1",4272.395
"754",34,"sc_height_right_x1",8367.73077788948,"sc_height_right_y1",4466.09401029694
"755",35,"sc_height_right_x1",7765.03,"sc_height_right_y1",4954.292
"756",36,"sc_height_right_x1",8488.841,"sc_height_right_y1",4154.513
"757",37,"sc_height_right_x1",8146.789,"sc_height_right_y1",4065.02
"758",38,"sc_height_right_x1",7887.046,"sc_height_right_y1",4139.335
"759",39,"sc_height_right_x1",8156.25593933087,"sc_height_right_y1",4231.90482184494
"760",40,"sc_height_right_x1",7953.61010211983,"sc_height_right_y1",4851.73673340542
"761",1,"sc_height_right_x2",7661.46181134606,"sc_height_right_y2",2517.89444642137
"762",2,"sc_height_right_x2",8283.06224556799,"sc_height_right_y2",3752.48749096261
"763",3,"sc_height_right_x2",8296.81355593358,"sc_height_right_y2",3871.98177993473
"764",4,"sc_height_right_x2",7956.87807286954,"sc_height_right_y2",3668.28912182295
"765",5,"sc_height_right_x2",8068.872,"sc_height_right_y2",3473.148
"766",6,"sc_height_right_x2",7813.333,"sc_height_right_y2",3429.245
"767",7,"sc_height_right_x2",8606.4024479437,"sc_height_right_y2",3433.59949906839
"768",8,"sc_height_right_x2",8643.569,"sc_height_right_y2",3653.452
"769",9,"sc_height_right_x2",7891.351,"sc_height_right_y2",3744.4
"770",10,"sc_height_right_x2",7989.90512865838,"sc_height_right_y2",4072.12035649947
"771",11,"sc_height_right_x2",7916.3337951364,"sc_height_right_y2",3904.04772369235
"772",12,"sc_height_right_x2",7627.381,"sc_height_right_y2",4096.221
"773",13,"sc_height_right_x2",7537.739,"sc_height_right_y2",3791.952
"774",14,"sc_height_right_x2",8212.56164518949,"sc_height_right_y2",3565.805316973
"775",15,"sc_height_right_x2",7902.32894637621,"sc_height_right_y2",3800.7625089061
"776",16,"sc_height_right_x2",8071.07298174734,"sc_height_right_y2",3694.31558305352
"777",17,"sc_height_right_x2",8244.98,"sc_height_right_y2",3674.734
"778",18,"sc_height_right_x2",8304.299,"sc_height_right_y2",3436.703
"779",19,"sc_height_right_x2",8409.38221138276,"sc_height_right_y2",3435.43407714126
"780",20,"sc_height_right_x2",8006.485,"sc_height_right_y2",4165.092
"781",21,"sc_height_right_x2",8286.112,"sc_height_right_y2",3725.346
"782",22,"sc_height_right_x2",8087.292,"sc_height_right_y2",3932.028
"783",23,"sc_height_right_x2",8029.53367203959,"sc_height_right_y2",3862.98007829927
"784",24,"sc_height_right_x2",7965.3590362533,"sc_height_right_y2",3532.47386468744
"785",25,"sc_height_right_x2",8061.65818233584,"sc_height_right_y2",3751.61224796993
"786",26,"sc_height_right_x2",8155.77692331615,"sc_height_right_y2",3922.60258487159
"787",27,"sc_height_right_x2",7971.135,"sc_height_right_y2",3603.636
"788",28,"sc_height_right_x2",8578.67,"sc_height_right_y2",3329.513
"789",29,"sc_height_right_x2",8611.414,"sc_height_right_y2",3609.471
"790",30,"sc_height_right_x2",8721.01767187067,"sc_height_right_y2",3725.0991686058
"791",31,"sc_height_right_x2",8030,"sc_height_right_y2",3397
"792",32,"sc_height_right_x2",7922.68887868323,"sc_height_right_y2",3399.55708331012
"793",33,"sc_height_right_x2",8561.90411767844,"sc_height_right_y2",3804.11991080764
"794",34,"sc_height_right_x2",8423.298,"sc_height_right_y2",3821.44
"795",35,"sc_height_right_x2",7832.44918393287,"sc_height_right_y2",4249.29295774171
"796",36,"sc_height_right_x2",8541.50653499869,"sc_height_right_y2",3408.66414918532
"797",37,"sc_height_right_x2",8130.56976864216,"sc_height_right_y2",3523.99261261819
"798",38,"sc_height_right_x2",7980.70785353296,"sc_height_right_y2",3432.97172945307
"799",39,"sc_height_right_x2",8254.738,"sc_height_right_y2",3623.371
"800",40,"sc_height_right_x2",8035.526,"sc_height_right_y2",4158.109
"801",1,"ir_height_left_x1",3105.379,"ir_height_left_y1",2691.415
"802",2,"ir_height_left_x1",3357.46758546355,"ir_height_left_y1",3691.72262569386
"803",3,"ir_height_left_x1",3681.94736123843,"ir_height_left_y1",3900.93504679437
"804",4,"ir_height_left_x1",3513.82119098941,"ir_height_left_y1",3744.8342293507
"805",5,"ir_height_left_x1",3509.042,"ir_height_left_y1",3644.589
"806",6,"ir_height_left_x1",3548.28272642594,"ir_height_left_y1",3657.2414278925
"807",7,"ir_height_left_x1",4058.15140329881,"ir_height_left_y1",3535.31565692372
"808",8,"ir_height_left_x1",4005.4211240193,"ir_height_left_y1",3636.51004018489
"809",9,"ir_height_left_x1",3747.04735291804,"ir_height_left_y1",3895.94963435278
"810",10,"ir_height_left_x1",3918.484,"ir_height_left_y1",4111.673
"811",11,"ir_height_left_x1",3532.42788936247,"ir_height_left_y1",4016.87220082003
"812",12,"ir_height_left_x1",3706.04099512672,"ir_height_left_y1",4234.26853572893
"813",13,"ir_height_left_x1",3428.041,"ir_height_left_y1",4013.609
"814",14,"ir_height_left_x1",4076.77528998598,"ir_height_left_y1",3609.19621986299
"815",15,"ir_height_left_x1",3745.924,"ir_height_left_y1",3998.349
"816",16,"ir_height_left_x1",3488.137,"ir_height_left_y1",3785.77
"817",17,"ir_height_left_x1",3560.75742507942,"ir_height_left_y1",3551.66036289525
"818",18,"ir_height_left_x1",3868.43064531945,"ir_height_left_y1",3330.94854182638
"819",19,"ir_height_left_x1",3723.36761673961,"ir_height_left_y1",3475.69407469337
"820",20,"ir_height_left_x1",3980.413,"ir_height_left_y1",4098.132
"821",21,"ir_height_left_x1",3962.05488516435,"ir_height_left_y1",3790.17323232824
"822",22,"ir_height_left_x1",3924.795,"ir_height_left_y1",3891.71
"823",23,"ir_height_left_x1",3662.06,"ir_height_left_y1",3925.289
"824",24,"ir_height_left_x1",3741.82947670081,"ir_height_left_y1",3626.70948621689
"825",25,"ir_height_left_x1",3709.03521685487,"ir_height_left_y1",3735.51298361477
"826",26,"ir_height_left_x1",4016.734364521,"ir_height_left_y1",4078.81226692643
"827",27,"ir_height_left_x1",3266.49518432666,"ir_height_left_y1",3554.5190431362
"828",28,"ir_height_left_x1",3592.03053936524,"ir_height_left_y1",3142.11024751826
"829",29,"ir_height_left_x1",4061.47968536225,"ir_height_left_y1",3607.87816389161
"830",30,"ir_height_left_x1",3939.30635981241,"ir_height_left_y1",3604.0842106867
"831",31,"ir_height_left_x1",3874.69323699789,"ir_height_left_y1",3265.14299935318
"832",32,"ir_height_left_x1",3357.58030712281,"ir_height_left_y1",3540.89690580966
"833",33,"ir_height_left_x1",3730.00895362057,"ir_height_left_y1",3792.64958369196
"834",34,"ir_height_left_x1",4047.103,"ir_height_left_y1",3601.606
"835",35,"ir_height_left_x1",3276.954,"ir_height_left_y1",3991.981
"836",36,"ir_height_left_x1",3574.68165153724,"ir_height_left_y1",3525.88276532845
"837",37,"ir_height_left_x1",3901.0441736964,"ir_height_left_y1",3655.62753032222
"838",38,"ir_height_left_x1",3582.49842934384,"ir_height_left_y1",3458.81628153201
"839",39,"ir_height_left_x1",3420.86,"ir_height_left_y1",3610.256
"840",40,"ir_height_left_x1",3644.202,"ir_height_left_y1",3812.357
"841",1,"ir_height_left_x2",3309.99202154558,"ir_height_left_y2",3331.33084270103
"842",2,"ir_height_left_x2",3542.735,"ir_height_left_y2",4321.632
"843",3,"ir_height_left_x2",3842.293,"ir_height_left_y2",4543.416
"844",4,"ir_height_left_x2",3599.802,"ir_height_left_y2",4323.515
"845",5,"ir_height_left_x2",3916.1193848128,"ir_height_left_y2",4247.02345773335
"846",6,"ir_height_left_x2",3700.97,"ir_height_left_y2",4211.556
"847",7,"ir_height_left_x2",4088.262,"ir_height_left_y2",4106.082
"848",8,"ir_height_left_x2",3995.304,"ir_height_left_y2",4298.984
"849",9,"ir_height_left_x2",3609.308,"ir_height_left_y2",4532.499
"850",10,"ir_height_left_x2",4005.90482695225,"ir_height_left_y2",4645.93758662353
"851",11,"ir_height_left_x2",3494.969,"ir_height_left_y2",4623.986
"852",12,"ir_height_left_x2",3667.089,"ir_height_left_y2",4914.138
"853",13,"ir_height_left_x2",3556.99507312381,"ir_height_left_y2",4487.87691545604
"854",14,"ir_height_left_x2",3785.895,"ir_height_left_y2",4295.618
"855",15,"ir_height_left_x2",3635.03720357137,"ir_height_left_y2",4708.07373292661
"856",16,"ir_height_left_x2",3725.29745024923,"ir_height_left_y2",4338.33809621722
"857",17,"ir_height_left_x2",3665.234,"ir_height_left_y2",4304.68
"858",18,"ir_height_left_x2",3957.061,"ir_height_left_y2",4013.551
"859",19,"ir_height_left_x2",3955.67,"ir_height_left_y2",4100.887
"860",20,"ir_height_left_x2",3953.33255283166,"ir_height_left_y2",4706.28179799045
"861",21,"ir_height_left_x2",3651.757,"ir_height_left_y2",4529.896
"862",22,"ir_height_left_x2",3825.2997982511,"ir_height_left_y2",4540.13228077445
"863",23,"ir_height_left_x2",3982.41689798785,"ir_height_left_y2",4551.07804454038
"864",24,"ir_height_left_x2",3604.037,"ir_height_left_y2",4250.267
"865",25,"ir_height_left_x2",3770.182,"ir_height_left_y2",4430.196
"866",26,"ir_height_left_x2",3752.12,"ir_height_left_y2",4661.715
"867",27,"ir_height_left_x2",3404.377,"ir_height_left_y2",4158.59
"868",28,"ir_height_left_x2",3741.207,"ir_height_left_y2",3795.225
"869",29,"ir_height_left_x2",4315.618,"ir_height_left_y2",4196.707
"870",30,"ir_height_left_x2",3986.93,"ir_height_left_y2",4317.224
"871",31,"ir_height_left_x2",3918.409,"ir_height_left_y2",3882.829
"872",32,"ir_height_left_x2",3506.261,"ir_height_left_y2",4097.842
"873",33,"ir_height_left_x2",3798.141,"ir_height_left_y2",4213.893
"874",34,"ir_height_left_x2",4284.00955077916,"ir_height_left_y2",4225.72545989258
"875",35,"ir_height_left_x2",3513.06835196028,"ir_height_left_y2",4604.55319154862
"876",36,"ir_height_left_x2",3501.624,"ir_height_left_y2",4212.208
"877",37,"ir_height_left_x2",4019.383,"ir_height_left_y2",4154.081
"878",38,"ir_height_left_x2",3361.554,"ir_height_left_y2",4125.139
"879",39,"ir_height_left_x2",3617.99147457844,"ir_height_left_y2",4150.18930098085
"880",40,"ir_height_left_x2",3945.26092488266,"ir_height_left_y2",4462.90427154353
"881",1,"ir_height_right_x1",7645.672,"ir_height_right_y1",2515.955
"882",2,"ir_height_right_x1",8337.386,"ir_height_right_y1",3758.683
"883",3,"ir_height_right_x1",8226.021,"ir_height_right_y1",4530.298
"884",4,"ir_height_right_x1",7942.823,"ir_height_right_y1",3668.702
"885",5,"ir_height_right_x1",7941.69,"ir_height_right_y1",3483.652
"886",6,"ir_height_right_x1",7762.53341490279,"ir_height_right_y1",3428.07081713861
"887",7,"ir_height_right_x1",8510.74089518602,"ir_height_right_y1",3436.36056885689
"888",8,"ir_height_right_x1",8529.90681126121,"ir_height_right_y1",3648.45299779081
"889",9,"ir_height_right_x1",7818.28054324322,"ir_height_right_y1",3750.68534407699
"890",10,"ir_height_right_x1",7981,"ir_height_right_y1",4072.003
"891",11,"ir_height_right_x1",7836.516,"ir_height_right_y1",3909.147
"892",12,"ir_height_right_x1",7665.083,"ir_height_right_y1",4096.02
"893",13,"ir_height_right_x1",7581.322,"ir_height_right_y1",3791.441
"894",14,"ir_height_right_x1",7975.45335270912,"ir_height_right_y1",3579.39998874533
"895",15,"ir_height_right_x1",7860.95618426107,"ir_height_right_y1",3805.90108307244
"896",16,"ir_height_right_x1",8009.1243853819,"ir_height_right_y1",3690.86796174051
"897",17,"ir_height_right_x1",8157.14313517868,"ir_height_right_y1",3670.01603578807
"898",18,"ir_height_right_x1",8206.17090027718,"ir_height_right_y1",3435.8397085224
"899",19,"ir_height_right_x1",8167.698289151,"ir_height_right_y1",3443.34931988157
"900",20,"ir_height_right_x1",8031.364,"ir_height_right_y1",4167.373
"901",21,"ir_height_right_x1",8133.85580331632,"ir_height_right_y1",3740.51112340769
"902",22,"ir_height_right_x1",8026.41783634997,"ir_height_right_y1",3930.6906353008
"903",23,"ir_height_right_x1",7866.57792800469,"ir_height_right_y1",3871.35281275101
"904",24,"ir_height_right_x1",7885.13800307921,"ir_height_right_y1",3534.06872113057
"905",25,"ir_height_right_x1",7904.20252823351,"ir_height_right_y1",3776.64996891895
"906",26,"ir_height_right_x1",8104.381,"ir_height_right_y1",3931.701
"907",27,"ir_height_right_x1",7961,"ir_height_right_y1",3603
"908",28,"ir_height_right_x1",8575.182,"ir_height_right_y1",3328.877
"909",29,"ir_height_right_x1",8820.7171691467,"ir_height_right_y1",3632.63235863896
"910",30,"ir_height_right_x1",8667.30359166011,"ir_height_right_y1",3718.87028994994
"911",31,"ir_height_right_x1",8040.23148276564,"ir_height_right_y1",3397.46004597738
"912",32,"ir_height_right_x1",7814.190429428,"ir_height_right_y1",3950.26269208104
"913",33,"ir_height_right_x1",8505.88996131079,"ir_height_right_y1",3801.47269560294
"914",34,"ir_height_right_x1",8185.351,"ir_height_right_y1",3817.645
"915",35,"ir_height_right_x1",7703.26829425732,"ir_height_right_y1",4244.55269439858
"916",36,"ir_height_right_x1",8408.50847908481,"ir_height_right_y1",3399.41931799693
"917",37,"ir_height_right_x1",8047.00912403072,"ir_height_right_y1",3525.97547230699
"918",38,"ir_height_right_x1",7751.99495279448,"ir_height_right_y1",3428.32624517411
"919",39,"ir_height_right_x1",8217.36039306389,"ir_height_right_y1",3617.05949390454
"920",40,"ir_height_right_x1",8064.92359480804,"ir_height_right_y1",4164.45540175657
"921",1,"ir_height_right_x2",7646.49441569006,"ir_height_right_y2",3159.11484289627
"922",2,"ir_height_right_x2",8011.21172215991,"ir_height_right_y2",4322.66031664038
"923",3,"ir_height_right_x2",8253.60528679496,"ir_height_right_y2",3872.49523282792
"924",4,"ir_height_right_x2",8121.50256023184,"ir_height_right_y2",4247.88703814078
"925",5,"ir_height_right_x2",8265.53275653328,"ir_height_right_y2",4133.89918330503
"926",6,"ir_height_right_x2",7915.141,"ir_height_right_y2",4057.394
"927",7,"ir_height_right_x2",8683.673,"ir_height_right_y2",4042.189
"928",8,"ir_height_right_x2",8505.215,"ir_height_right_y2",4312.399
"929",9,"ir_height_right_x2",7944.612,"ir_height_right_y2",4355.169
"930",10,"ir_height_right_x2",8013.10062294419,"ir_height_right_y2",4637.34953296243
"931",11,"ir_height_right_x2",8012.89137207791,"ir_height_right_y2",4496.59443431496
"932",12,"ir_height_right_x2",7619.7843544539,"ir_height_right_y2",4766.99823547546
"933",13,"ir_height_right_x2",7526.82839501882,"ir_height_right_y2",4259.77503260258
"934",14,"ir_height_right_x2",8317.162,"ir_height_right_y2",4251.333
"935",15,"ir_height_right_x2",7980.972,"ir_height_right_y2",4522.225
"936",16,"ir_height_right_x2",8179.706,"ir_height_right_y2",4246.513
"937",17,"ir_height_right_x2",7973.92,"ir_height_right_y2",4382.459
"938",18,"ir_height_right_x2",8338.075,"ir_height_right_y2",4123.715
"939",19,"ir_height_right_x2",8424.432,"ir_height_right_y2",4096.286
"940",20,"ir_height_right_x2",7932.70604432148,"ir_height_right_y2",4746.59034399554
"941",21,"ir_height_right_x2",8484.195,"ir_height_right_y2",4459.852
"942",22,"ir_height_right_x2",8137.537,"ir_height_right_y2",4545.189
"943",23,"ir_height_right_x2",8175.651,"ir_height_right_y2",4498.425
"944",24,"ir_height_right_x2",8080.053,"ir_height_right_y2",4187.479
"945",25,"ir_height_right_x2",8329.46,"ir_height_right_y2",4432.637
"946",26,"ir_height_right_x2",8267.47702505737,"ir_height_right_y2",4543.16534237883
"947",27,"ir_height_right_x2",7931.82070844687,"ir_height_right_y2",4096.61634877384
"948",28,"ir_height_right_x2",8424.74202344704,"ir_height_right_y2",3986.75731547895
"949",29,"ir_height_right_x2",8548.394,"ir_height_right_y2",4238.284
"950",30,"ir_height_right_x2",8580.914,"ir_height_right_y2",4418.537
"951",31,"ir_height_right_x2",8064.636,"ir_height_right_y2",3990.467
"952",32,"ir_height_right_x2",7932.605,"ir_height_right_y2",3401.212
"953",33,"ir_height_right_x2",8532.688,"ir_height_right_y2",4273.836
"954",34,"ir_height_right_x2",8437.5422682943,"ir_height_right_y2",4462.32954906186
"955",35,"ir_height_right_x2",7762.147,"ir_height_right_y2",4938.702
"956",36,"ir_height_right_x2",8452.908,"ir_height_right_y2",4106.789
"957",37,"ir_height_right_x2",8205.218,"ir_height_right_y2",4062.952
"958",38,"ir_height_right_x2",7917.576,"ir_height_right_y2",4075
"959",39,"ir_height_right_x2",8188.283,"ir_height_right_y2",4241.051
"960",40,"ir_height_right_x2",7825.768,"ir_height_right_y2",4831.349
"961",1,"ir_width_left_alt_x1",3645.64848132113,"ir_width_left_alt_y1",3048.92117361453
"962",2,"ir_width_left_alt_x1",3804.33276869577,"ir_width_left_alt_y1",4098.19197445134
"963",3,"ir_width_left_alt_x1",4132.59066550466,"ir_width_left_alt_y1",4275.10110235882
"964",4,"ir_width_left_alt_x1",3971.76713463241,"ir_width_left_alt_y1",4074.44712306109
"965",5,"ir_width_left_alt_x1",4125.04803441422,"ir_width_left_alt_y1",4001.55908331494
"966",6,"ir_width_left_alt_x1",3938.03942316674,"ir_width_left_alt_y1",3989.1019215575
"967",7,"ir_width_left_alt_x1",4503.40063635916,"ir_width_left_alt_y1",3898.91082561739
"968",8,"ir_width_left_alt_x1",4332.558739757,"ir_width_left_alt_y1",4046.63241998574
"969",9,"ir_width_left_alt_x1",4010.46992365113,"ir_width_left_alt_y1",4295.31184927882
"970",10,"ir_width_left_alt_x1",4420.27300187992,"ir_width_left_alt_y1",4439.38168382065
"971",11,"ir_width_left_alt_x1",3890.54347559913,"ir_width_left_alt_y1",4386.42546579082
"972",12,"ir_width_left_alt_x1",4065.7300678593,"ir_width_left_alt_y1",4553.06696398525
"973",13,"ir_width_left_alt_x1",3920.47859823676,"ir_width_left_alt_y1",4326.98640371738
"974",14,"ir_width_left_alt_x1",4309.87332974713,"ir_width_left_alt_y1",4043.94959527068
"975",15,"ir_width_left_alt_x1",4075.17891786341,"ir_width_left_alt_y1",4430.18100238434
"976",16,"ir_width_left_alt_x1",4106.37131478519,"ir_width_left_alt_y1",4111.51483184169
"977",17,"ir_width_left_alt_x1",4056.83128278799,"ir_width_left_alt_y1",4052.57556456771
"978",18,"ir_width_left_alt_x1",4329.85238434751,"ir_width_left_alt_y1",3734.86534355444
"979",19,"ir_width_left_alt_x1",4257.17503422757,"ir_width_left_alt_y1",3826.12706442687
"980",20,"ir_width_left_alt_x1",4321.36186147573,"ir_width_left_alt_y1",4442.09335502193
"981",21,"ir_width_left_alt_x1",4189.60104743849,"ir_width_left_alt_y1",4225.93677376305
"982",22,"ir_width_left_alt_x1",4237.38088603556,"ir_width_left_alt_y1",4254.17537218937
"983",23,"ir_width_left_alt_x1",4246.28875694811,"ir_width_left_alt_y1",4319.64531226112
"984",24,"ir_width_left_alt_x1",4034.58772240901,"ir_width_left_alt_y1",3956.3950062326
"985",25,"ir_width_left_alt_x1",4194.00054700671,"ir_width_left_alt_y1",4089.39767045022
"986",26,"ir_width_left_alt_x1",4270.34732978969,"ir_width_left_alt_y1",4466.79012335845
"987",27,"ir_width_left_alt_x1",3707.40121621043,"ir_width_left_alt_y1",3955.03554879874
"988",28,"ir_width_left_alt_x1",4070.65133633167,"ir_width_left_alt_y1",3485.7702882538
"989",29,"ir_width_left_alt_x1",4594.31959385313,"ir_width_left_alt_y1",3916.96003863953
"990",30,"ir_width_left_alt_x1",4380.46266135658,"ir_width_left_alt_y1",4003.00520819774
"991",31,"ir_width_left_alt_x1",4250.33131205554,"ir_width_left_alt_y1",3605.65365030346
"992",32,"ir_width_left_alt_x1",3791.80374738656,"ir_width_left_alt_y1",3804.05751607149
"993",33,"ir_width_left_alt_x1",4133.70398724855,"ir_width_left_alt_y1",3999.68227733829
"994",34,"ir_width_left_alt_x1",4612.86911201516,"ir_width_left_alt_y1",3980.20289908891
"995",35,"ir_width_left_alt_x1",3844.49775625163,"ir_width_left_alt_y1",4309.79578906493
"996",36,"ir_width_left_alt_x1",3913.28495512741,"ir_width_left_alt_y1",3863.70743164601
"997",37,"ir_width_left_alt_x1",4333.86978157593,"ir_width_left_alt_y1",3904.94526590323
"998",38,"ir_width_left_alt_x1",3753.00286385433,"ir_width_left_alt_y1",3856.54860469013
"999",39,"ir_width_left_alt_x1",3951.852894155,"ir_width_left_alt_y1",3875.84640524453
"1000",40,"ir_width_left_alt_x1",4188.34223428254,"ir_width_left_alt_y1",4215.76736232892
"1001",1,"ir_width_left_alt_x2",2837.46630309311,"ir_width_left_alt_y2",3075.41122907836
"1002",2,"ir_width_left_alt_x2",3033.16447777219,"ir_width_left_alt_y2",4062.74248754452
"1003",3,"ir_width_left_alt_x2",3368.5089777221,"ir_width_left_alt_y2",4233.85675755188
"1004",4,"ir_width_left_alt_x2",3176.2046879818,"ir_width_left_alt_y2",4069.94373599662
"1005",5,"ir_width_left_alt_x2",3331.77810142228,"ir_width_left_alt_y2",4016.6581656239
"1006",6,"ir_width_left_alt_x2",3175.43493926761,"ir_width_left_alt_y2",4041.22072032727
"1007",7,"ir_width_left_alt_x2",3680.85966431185,"ir_width_left_alt_y2",3893.49347634775
"1008",8,"ir_width_left_alt_x2",3636.21091674818,"ir_width_left_alt_y2",4077.81007576325
"1009",9,"ir_width_left_alt_x2",3281.71934071068,"ir_width_left_alt_y2",4278.68891083039
"1010",10,"ir_width_left_alt_x2",3638.0061247353,"ir_width_left_alt_y2",4468.17877020943
"1011",11,"ir_width_left_alt_x2",3155.5820494336,"ir_width_left_alt_y2",4395.53011774162
"1012",12,"ir_width_left_alt_x2",3276.81862600688,"ir_width_left_alt_y2",4512.38821491953
"1013",13,"ir_width_left_alt_x2",3200.05462851646,"ir_width_left_alt_y2",4302.153114583
"1014",14,"ir_width_left_alt_x2",3556.55282470279,"ir_width_left_alt_y2",4064.09224218209
"1015",15,"ir_width_left_alt_x2",3311.04245461613,"ir_width_left_alt_y2",4416.44105442727
"1016",16,"ir_width_left_alt_x2",3284.27538007125,"ir_width_left_alt_y2",4149.2824433717
"1017",17,"ir_width_left_alt_x2",3273.85468887593,"ir_width_left_alt_y2",4044.96431794436
"1018",18,"ir_width_left_alt_x2",3541.37738214769,"ir_width_left_alt_y2",3707.10401043315
"1019",19,"ir_width_left_alt_x2",3508.02147250784,"ir_width_left_alt_y2",3880.95037969213
"1020",20,"ir_width_left_alt_x2",3584.46729754313,"ir_width_left_alt_y2",4430.12005213617
"1021",21,"ir_width_left_alt_x2",3392.63024786497,"ir_width_left_alt_y2",4253.00937285027
"1022",22,"ir_width_left_alt_x2",3455.77716445593,"ir_width_left_alt_y2",4292.60904921695
"1023",23,"ir_width_left_alt_x2",3501.61894388887,"ir_width_left_alt_y2",4301.76840912243
"1024",24,"ir_width_left_alt_x2",3234.51204940468,"ir_width_left_alt_y2",3982.84112966525
"1025",25,"ir_width_left_alt_x2",3365.21921206922,"ir_width_left_alt_y2",4069.81741482239
"1026",26,"ir_width_left_alt_x2",3527.56276981233,"ir_width_left_alt_y2",4429.13116727662
"1027",27,"ir_width_left_alt_x2",2954.76658654092,"ir_width_left_alt_y2",3916.2571840136
"1028",28,"ir_width_left_alt_x2",3247.11352503662,"ir_width_left_alt_y2",3531.34156745386
"1029",29,"ir_width_left_alt_x2",3821.05089758236,"ir_width_left_alt_y2",3967.09794096391
"1030",30,"ir_width_left_alt_x2",3539.02958426,"ir_width_left_alt_y2",4025.06455094494
"1031",31,"ir_width_left_alt_x2",3491.38998128882,"ir_width_left_alt_y2",3633.31665131056
"1032",32,"ir_width_left_alt_x2",2986.0677802213,"ir_width_left_alt_y2",3845.12666379225
"1033",33,"ir_width_left_alt_x2",3344.62492291371,"ir_width_left_alt_y2",4061.47974946039
"1034",34,"ir_width_left_alt_x2",3818.01542149072,"ir_width_left_alt_y2",3979.58993945642
"1035",35,"ir_width_left_alt_x2",3046.07635092475,"ir_width_left_alt_y2",4307.15822990383
"1036",36,"ir_width_left_alt_x2",3106.87489608416,"ir_width_left_alt_y2",3951.39634827191
"1037",37,"ir_width_left_alt_x2",3507.88604312135,"ir_width_left_alt_y2",3933.35835235147
"1038",38,"ir_width_left_alt_x2",3021.27601873007,"ir_width_left_alt_y2",3941.85061607267
"1039",39,"ir_width_left_alt_x2",3177.46524013527,"ir_width_left_alt_y2",3958.79504618352
"1040",40,"ir_width_left_alt_x2",3373.6453279538,"ir_width_left_alt_y2",4181.40727490555
"1041",1,"ir_width_right_alt_x1",8013.37153235754,"ir_width_right_alt_y1",2903.45848392666
"1042",2,"ir_width_right_alt_x1",8563.76955009614,"ir_width_right_alt_y1",4095.81098834347
"1043",3,"ir_width_right_alt_x1",8610.88040442894,"ir_width_right_alt_y1",4210.51468434059
"1044",4,"ir_width_right_alt_x1",8367.3992518286,"ir_width_right_alt_y1",3981.41242306513
"1045",5,"ir_width_right_alt_x1",8500.77375745885,"ir_width_right_alt_y1",3869.08501136638
"1046",6,"ir_width_right_alt_x1",8228.2924305368,"ir_width_right_alt_y1",3820.46386950651
"1047",7,"ir_width_right_alt_x1",9037.9577159436,"ir_width_right_alt_y1",3762.06692965874
"1048",8,"ir_width_right_alt_x1",8886.13549436694,"ir_width_right_alt_y1",4070.5508789984
"1049",9,"ir_width_right_alt_x1",8255.19532666388,"ir_width_right_alt_y1",4126.98524744809
"1050",10,"ir_width_right_alt_x1",8376.57429234295,"ir_width_right_alt_y1",4433.0872330247
"1051",11,"ir_width_right_alt_x1",8305.8547504387,"ir_width_right_alt_y1",4257.23913139865
"1052",12,"ir_width_right_alt_x1",8051.32430986918,"ir_width_right_alt_y1",4387.91406947277
"1053",13,"ir_width_right_alt_x1",7940.47778010822,"ir_width_right_alt_y1",4051.54060350526
"1054",14,"ir_width_right_alt_x1",8523.82256317027,"ir_width_right_alt_y1",4018.92860155685
"1055",15,"ir_width_right_alt_x1",8360.08056968628,"ir_width_right_alt_y1",4149.89979210533
"1056",16,"ir_width_right_alt_x1",8438.33398209433,"ir_width_right_alt_y1",4068.75385895975
"1057",17,"ir_width_right_alt_x1",8462.06085819203,"ir_width_right_alt_y1",4183.225558123
"1058",18,"ir_width_right_alt_x1",8684.13720671191,"ir_width_right_alt_y1",3860.26694774073
"1059",19,"ir_width_right_alt_x1",8709.48484118691,"ir_width_right_alt_y1",3872.97732340416
"1060",20,"ir_width_right_alt_x1",8384.68423260496,"ir_width_right_alt_y1",4514.20952988143
"1061",21,"ir_width_right_alt_x1",8724.71722431999,"ir_width_right_alt_y1",4188.81995102576
"1062",22,"ir_width_right_alt_x1",8512.23825164254,"ir_width_right_alt_y1",4304.12952284247
"1063",23,"ir_width_right_alt_x1",8439.64069009344,"ir_width_right_alt_y1",4253.36683956073
"1064",24,"ir_width_right_alt_x1",8418.64917004485,"ir_width_right_alt_y1",3892.56346137203
"1065",25,"ir_width_right_alt_x1",8529.08481974713,"ir_width_right_alt_y1",4128.04146638505
"1066",26,"ir_width_right_alt_x1",8564.10007406398,"ir_width_right_alt_y1",4253.20446077934
"1067",27,"ir_width_right_alt_x1",8325.36409894988,"ir_width_right_alt_y1",3943.4381220866
"1068",28,"ir_width_right_alt_x1",8922.88305929048,"ir_width_right_alt_y1",3739.4682345489
"1069",29,"ir_width_right_alt_x1",9026.56455224991,"ir_width_right_alt_y1",3981.28706036226
"1070",30,"ir_width_right_alt_x1",9037.24280135321,"ir_width_right_alt_y1",4151.99908830087
"1071",31,"ir_width_right_alt_x1",8490.11482429939,"ir_width_right_alt_y1",3756.17812769765
"1072",32,"ir_width_right_alt_x1",8287.01724621205,"ir_width_right_alt_y1",3714.44620862256
"1073",33,"ir_width_right_alt_x1",8767.66561114577,"ir_width_right_alt_y1",4092.04900577239
"1074",34,"ir_width_right_alt_x1",8723.85335828606,"ir_width_right_alt_y1",4259.35385961743
"1075",35,"ir_width_right_alt_x1",8131.74115164438,"ir_width_right_alt_y1",4662.81815518174
"1076",36,"ir_width_right_alt_x1",8868.87439691739,"ir_width_right_alt_y1",3813.08272570034
"1077",37,"ir_width_right_alt_x1",8593.40946809762,"ir_width_right_alt_y1",3798.8380830653
"1078",38,"ir_width_right_alt_x1",8288.79874874828,"ir_width_right_alt_y1",3871.4214937147
"1079",39,"ir_width_right_alt_x1",8509.08588490361,"ir_width_right_alt_y1",4040.65923799067
"1080",40,"ir_width_right_alt_x1",8372.46148025816,"ir_width_right_alt_y1",4576.479347081
"1081",1,"ir_width_right_alt_x2",7218.02251948831,"ir_width_right_alt_y2",2934.26554345424
"1082",2,"ir_width_right_alt_x2",7786.01175429293,"ir_width_right_alt_y2",4102.79765597045
"1083",3,"ir_width_right_alt_x2",7858.50057762071,"ir_width_right_alt_y2",4292.87389075386
"1084",4,"ir_width_right_alt_x2",7567.87006392375,"ir_width_right_alt_y2",4018.59385919295
"1085",5,"ir_width_right_alt_x2",7698.81948541808,"ir_width_right_alt_y2",3897.15364163945
"1086",6,"ir_width_right_alt_x2",7436.48187645017,"ir_width_right_alt_y2",3816.64132409155
"1087",7,"ir_width_right_alt_x2",8182.37183859162,"ir_width_right_alt_y2",3811.62216066012
"1088",8,"ir_width_right_alt_x2",8153.87426857242,"ir_width_right_alt_y2",4055.28975111127
"1089",9,"ir_width_right_alt_x2",7565.77444255947,"ir_width_right_alt_y2",4161.4066900064
"1090",10,"ir_width_right_alt_x2",7581.14552204128,"ir_width_right_alt_y2",4444.58285820902
"1091",11,"ir_width_right_alt_x2",7552.29571560728,"ir_width_right_alt_y2",4264.0206321199
"1092",12,"ir_width_right_alt_x2",7262.29164115436,"ir_width_right_alt_y2",4453.13755859721
"1093",13,"ir_width_right_alt_x2",7210.29887461767,"ir_width_right_alt_y2",4120.49149117794
"1094",14,"ir_width_right_alt_x2",7769.73603430478,"ir_width_right_alt_y2",3981.26332486022
"1095",15,"ir_width_right_alt_x2",7579.10566191012,"ir_width_right_alt_y2",4219.91935210781
"1096",16,"ir_width_right_alt_x2",7620.7229862136,"ir_width_right_alt_y2",4075.68818609432
"1097",17,"ir_width_right_alt_x2",7695.34204618831,"ir_width_right_alt_y2",4136.64697370668
"1098",18,"ir_width_right_alt_x2",7894.24859953801,"ir_width_right_alt_y2",3824.59997232724
"1099",19,"ir_width_right_alt_x2",7980.83002807436,"ir_width_right_alt_y2",3845.13916470654
"1100",20,"ir_width_right_alt_x2",7660.67875725948,"ir_width_right_alt_y2",4504.47547013603
"1101",21,"ir_width_right_alt_x2",7930.96996339001,"ir_width_right_alt_y2",4136.53899354865
"1102",22,"ir_width_right_alt_x2",7723.34142190986,"ir_width_right_alt_y2",4293.73900752329
"1103",23,"ir_width_right_alt_x2",7723.1675816961,"ir_width_right_alt_y2",4282.27699116582
"1104",24,"ir_width_right_alt_x2",7611.45361721954,"ir_width_right_alt_y2",3914.35395164783
"1105",25,"ir_width_right_alt_x2",7715.09161670197,"ir_width_right_alt_y2",4151.51745513832
"1106",26,"ir_width_right_alt_x2",7817.1614402523,"ir_width_right_alt_y2",4360.99348850911
"1107",27,"ir_width_right_alt_x2",7555.26832618216,"ir_width_right_alt_y2",3958.9831891756
"1108",28,"ir_width_right_alt_x2",8094.10147854891,"ir_width_right_alt_y2",3633.81701175141
"1109",29,"ir_width_right_alt_x2",8246.75589120961,"ir_width_right_alt_y2",3951.45772518204
"1110",30,"ir_width_right_alt_x2",8201.91739492824,"ir_width_right_alt_y2",4060.10687393029
"1111",31,"ir_width_right_alt_x2",7724.93585349302,"ir_width_right_alt_y2",3716.05945413175
"1112",32,"ir_width_right_alt_x2",7486.06973794027,"ir_width_right_alt_y2",3687.79361338569
"1113",33,"ir_width_right_alt_x2",7982.88632043842,"ir_width_right_alt_y2",4025.51917885413
"1114",34,"ir_width_right_alt_x2",7947.28466432106,"ir_width_right_alt_y2",4192.41599153257
"1115",35,"ir_width_right_alt_x2",7328.69031405845,"ir_width_right_alt_y2",4586.02226060404
"1116",36,"ir_width_right_alt_x2",8052.65867241871,"ir_width_right_alt_y2",3755.44847747685
"1117",37,"ir_width_right_alt_x2",7778.63255585657,"ir_width_right_alt_y2",3823.26393571689
"1118",38,"ir_width_right_alt_x2",7524.37688882906,"ir_width_right_alt_y2",3770.06122872568
"1119",39,"ir_width_right_alt_x2",7735.35545092344,"ir_width_right_alt_y2",3915.44258641695
"1120",40,"ir_width_right_alt_x2",7526.03688494876,"ir_width_right_alt_y2",4476.51847848623
